Decade,ID,Name,Location,lat,lng,Start Year,End Year,ImageUrl,Url,Hotttnesss,HotttnessRank,Primary_Genre,Genre2,Genre3,Genre4,Genre5,Genre6,Genre7,Genre8,Genre9,Genre10,Genre11,Genre12,Familiarity,FamiliarityRank,Discovery,DiscoveryRank,Similar1ID,Similar1ID,Similar1Name,Similar2ID,Similar2Name,Similar3ID,Similar3Name
1800-1810,ARWCAKO1187FB38932,Wolfgang Amadeus Mozart,"Salzburg, Salzburg, AT",13.0477,47.7972,1764,1791,2e7d4f7373412a29da4fa6ae4732396168662f9f.jpg,http://en.wikipedia.org/wiki/Wolfgang_Amadeus_Mozart,0.690829,1759,classical christmas,classical,romantic,classical period,,,,,,,,,0.726453,471,0.390536267,147774,,AR005TP1187B9B9A20,Amadeus Mozart,ARVFIOO1187FB39078,Johann Sebastian Bach,ARIGDQZ1187FB44FAB,Ludwig van Beethoven
1800-1810,ARZCCGX11F4C83D6DE,Tomaso Albinoni,"Venice, Italy",12.3309,45.4389,1694,1751,d13868304b903ced2371bc14d5e05240a43cf1c2.jpg,http://www.myspace.com/tomasoalbinoni,0.622895,3765,classical,baroque,romantic,,,,,,,,,,0.425689,28276,0.575646063,2000,,ARANBBZ11F50C4AABA,Albinoni,ARF88YF1187FB5C95D,Tomaso Giovanni Albinoni,ARDI1X71187B9AED85,Antonio Vivaldi
1800-1810,AR8UYYT1187FB36431,Christoph Willibald Gluck,"Berching, Germany",11.4414,49.1069,1737,1787,ccf504aaea0388d64976b3dab0ab2e9f4f97b98d.jpg,http://www.myspace.com/christophwillibaldvongluck,0.611185,4550,baroque,classical christmas,classical period,classical,romantic,,,,,,,,0.564049,4893,0.462491468,36821,,AROO8NE1187FB49630,Luigi Boccherini,ARWEAFP12DA0D160D2,GLUCK,AR9HW5Q1187FB37C02,Giovanni Battista Pergolesi
1800-1810,AR86HR51187FB5BECF,Johann Pachelbel,"Nuremberg, Germany",11.0775,49.4542,1672,1706,27e8994ea4dbea61f8e07835fc362e73553e52ec.jpg,http://en.wikipedia.org/wiki/johann_pachelbel,0.60363,5229,classical christmas,baroque,classical,romantic,,,,,,,,,0.577793,4067,0.447069262,53088,,AR6N6EP1187B9B37CB,Georg Philipp Telemann,ARDI1X71187B9AED85,Antonio Vivaldi,ARSPLZD11F4C83BC8C,Franz Joseph Haydn
1800-1810,ARDI1X71187B9AED85,Antonio Vivaldi,"Venice, Italy",12.3309,45.4389,1705,1741,fb801d7ead4904d83ae66fd2d49818ea8f116504.jpg,http://www.classical.net/music/composer/works/vivaldi/index.php,0.597985,5794,classical christmas,classical,baroque,romantic,,,,,,,,,0.684094,932,0.368457736,202694,,ARSPLZD11F4C83BC8C,Franz Joseph Haydn,ARBWC0V1187FB5B450,Georg Friedrich Händel,ARANBBZ11F50C4AABA,Albinoni
1800-1810,AROO8NE1187FB49630,Luigi Boccherini,"Lucca, Italy",10.448116,44.006163,1757,1805,9577580a40b7188dd61e8d7073f5fe09c324dfed.jpg,http://www.last.fm/music/Luigi+Boccherini,0.56629,10426,baroque,classical period,classical,romantic,,,,,,,,,0.512214,9249,0.463186718,36175,,ARLYKFN11F50C4AAC6,Bocherini,ARF88YF1187FB5C95D,Tomaso Giovanni Albinoni,AR482PE1187FB4F855,Arcangelo Corelli
1800-1810,ARJ14TA1187B9B4CF9,Henry Purcell,"England, GB",74.592925,42.856558,1659,1695,1c39bc552b967af69066ca62242ba5f79857f36f.jpg,http://www.goldbergweb.com/es/magazine/composers/2002/03/316_print.php,0.565912,10501,baroque,classical,romantic,,,,,,,,,,0.579808,3946,0.417801859,90667,,ARPCCWV11F3462EC23,Purcell,ARMXI9S1187B99CBC7,Alessandro Scarlatti,AR6N6EP1187B9B37CB,Georg Philipp Telemann
1800-1810,ARHAMYR11F4C83D78C,George Frideric Handel,"London, England, GB",-81.233,42.9834,1685,1759,951581fff1b854a075e7d14d385677d60293d7df.jpg,http://en.wikipedia.org/wiki/George_Frideric_Handel,0.564576,10788,classical christmas,classical,baroque,romantic,,,,,,,,,0.588689,3526,0.410962176,102105,,ARBWC0V1187FB5B450,Georg Friedrich Händel,ARBBHWR11F4C83E385,Georg Friedrich Haendel,ARSRHDV12454A381D7,George Frederic Händel
1800-1810,AREDW1C1187B9ACAC2,Gaetano Donizetti,"San Diego, CA, US",-117.0431,32.7945,1797,1848,fa613afcb7db2285a4a875b3ddb71dc3c29988ed.jpg,http://www.myspace.com/giacommo,0.561558,11455,romantic,classical,opera,baroque,,,,,,,,,0.508242,9751,0.461980892,37322,,ARGCFMG11E2835D280,Donizetti,ARYWZLP1187FB4F7D3,Vincenzo Bellini,ARFK68R1187FB467F7,Giuseppe Verdi
1800-1810,ARTNRNK13B4FF6D4CA,Teleman,"Hamburg,Germany",9.94339,53.567666,1681,1767,8b2f3055cb15ff7bc452ed9a9c7d4c1cc9b88138.jpg,http://telemanmusic.com/,0.554881,13083,romantic,classical,opera,baroque,,,,,,,,,0.453054,19653,0.493733087,13717,,ARWZFBD12AF7DA0814,George Philipp Telemann,AR6N6EP1187B9B37CB,Georg Philipp Telemann,ARMGUWF146529C7827,Adult Jazz
1810-1820,ARWCAKO1187FB38932,Wolfgang Amadeus Mozart,"Salzburg, Salzburg, AT",13.0477,47.7972,1764,1791,2e7d4f7373412a29da4fa6ae4732396168662f9f.jpg,http://en.wikipedia.org/wiki/Wolfgang_Amadeus_Mozart,0.690829,1759,classical christmas,classical,romantic,classical period,,,,,,,,,0.726453,471,0.390536267,147774,,AR005TP1187B9B9A20,Amadeus Mozart,ARVFIOO1187FB39078,Johann Sebastian Bach,ARIGDQZ1187FB44FAB,Ludwig van Beethoven
1810-1820,AR5V9Y81187FB57DBA,Frederic Chopin,"Zelazowa Wola, Masovian, PL",103.7563,1.4764,1817,1849,0d17d03be762777bab45a3fdd9e9104ef9ad16cc.jpg,http://www.myspace.com/frederic_chopin,0.653217,2627,classical,romantic,classical christmas,,,,,,,,,,0.701149,724,0.389218055,151317,,ARSHZHP11F33DFFFFA,Chopin,ARPSAX91187B9940E1,Edvard Grieg,ARIGDQZ1187FB44FAB,Ludwig van Beethoven
1810-1820,ARZCCGX11F4C83D6DE,Tomaso Albinoni,"Venice, Italy",12.3309,45.4389,1694,1751,d13868304b903ced2371bc14d5e05240a43cf1c2.jpg,http://www.myspace.com/tomasoalbinoni,0.622895,3765,classical,baroque,romantic,,,,,,,,,,0.425689,28276,0.575646063,2000,,ARANBBZ11F50C4AABA,Albinoni,ARF88YF1187FB5C95D,Tomaso Giovanni Albinoni,ARDI1X71187B9AED85,Antonio Vivaldi
1810-1820,AR8UYYT1187FB36431,Christoph Willibald Gluck,"Berching, Germany",11.4414,49.1069,1737,1787,ccf504aaea0388d64976b3dab0ab2e9f4f97b98d.jpg,http://www.myspace.com/christophwillibaldvongluck,0.611185,4550,baroque,classical christmas,classical period,classical,romantic,,,,,,,,0.564049,4893,0.462491468,36821,,AROO8NE1187FB49630,Luigi Boccherini,ARWEAFP12DA0D160D2,GLUCK,AR9HW5Q1187FB37C02,Giovanni Battista Pergolesi
1810-1820,AR86HR51187FB5BECF,Johann Pachelbel,"Nuremberg, Germany",11.0775,49.4542,1672,1706,27e8994ea4dbea61f8e07835fc362e73553e52ec.jpg,http://en.wikipedia.org/wiki/johann_pachelbel,0.60363,5229,classical christmas,baroque,classical,romantic,,,,,,,,,0.577793,4067,0.447069262,53088,,AR6N6EP1187B9B37CB,Georg Philipp Telemann,ARDI1X71187B9AED85,Antonio Vivaldi,ARSPLZD11F4C83BC8C,Franz Joseph Haydn
1810-1820,ARRKD8Q1187FB49555,Felix Mendelssohn,"Berlin, Germany",13.383151,52.494546,1819,1847,26c5589f0d075be87cdcf66ebd3bdab0fe7e9138.jpg,http://en.wikipedia.org/wiki/Felix_Mendelssohn,0.603263,5269,classical christmas,romantic,classical,,,,,,,,,,0.651268,1494,0.39504932,135475,,ARMCO231187FB36036,Johannes Brahms,ARWSRGX1187B9A00B5,Franz Schubert,ARRUQPD11F4C83E2C0,Brahms
1810-1820,ARDI1X71187B9AED85,Antonio Vivaldi,"Venice, Italy",12.3309,45.4389,1705,1741,fb801d7ead4904d83ae66fd2d49818ea8f116504.jpg,http://www.classical.net/music/composer/works/vivaldi/index.php,0.597985,5794,classical christmas,classical,baroque,romantic,,,,,,,,,0.684094,932,0.368457736,202694,,ARSPLZD11F4C83BC8C,Franz Joseph Haydn,ARBWC0V1187FB5B450,Georg Friedrich Händel,ARANBBZ11F50C4AABA,Albinoni
1810-1820,AROO8NE1187FB49630,Luigi Boccherini,"Lucca, Italy",10.448116,44.006163,1757,1805,9577580a40b7188dd61e8d7073f5fe09c324dfed.jpg,http://www.last.fm/music/Luigi+Boccherini,0.56629,10426,baroque,classical period,classical,romantic,,,,,,,,,0.512214,9249,0.463186718,36175,,ARLYKFN11F50C4AAC6,Bocherini,ARF88YF1187FB5C95D,Tomaso Giovanni Albinoni,AR482PE1187FB4F855,Arcangelo Corelli
1810-1820,ARJ14TA1187B9B4CF9,Henry Purcell,"England, GB",74.592925,42.856558,1659,1695,1c39bc552b967af69066ca62242ba5f79857f36f.jpg,http://www.goldbergweb.com/es/magazine/composers/2002/03/316_print.php,0.565912,10501,baroque,classical,romantic,,,,,,,,,,0.579808,3946,0.417801859,90667,,ARPCCWV11F3462EC23,Purcell,ARMXI9S1187B99CBC7,Alessandro Scarlatti,AR6N6EP1187B9B37CB,Georg Philipp Telemann
1810-1820,ARHAMYR11F4C83D78C,George Frideric Handel,"London, England, GB",-81.233,42.9834,1685,1759,951581fff1b854a075e7d14d385677d60293d7df.jpg,http://en.wikipedia.org/wiki/George_Frideric_Handel,0.564576,10788,classical christmas,classical,baroque,romantic,,,,,,,,,0.588689,3526,0.410962176,102105,,ARBWC0V1187FB5B450,Georg Friedrich Händel,ARBBHWR11F4C83E385,Georg Friedrich Haendel,ARSRHDV12454A381D7,George Frederic Händel
1820-1830,ARWCAKO1187FB38932,Wolfgang Amadeus Mozart,"Salzburg, Salzburg, AT",13.0477,47.7972,1764,1791,2e7d4f7373412a29da4fa6ae4732396168662f9f.jpg,http://en.wikipedia.org/wiki/Wolfgang_Amadeus_Mozart,0.690829,1759,classical christmas,classical,romantic,classical period,,,,,,,,,0.726453,471,0.390536267,147774,,AR005TP1187B9B9A20,Amadeus Mozart,ARVFIOO1187FB39078,Johann Sebastian Bach,ARIGDQZ1187FB44FAB,Ludwig van Beethoven
1820-1830,AR5V9Y81187FB57DBA,Frederic Chopin,"Zelazowa Wola, Masovian, PL",103.7563,1.4764,1817,1849,0d17d03be762777bab45a3fdd9e9104ef9ad16cc.jpg,http://www.myspace.com/frederic_chopin,0.653217,2627,classical,romantic,classical christmas,,,,,,,,,,0.701149,724,0.389218055,151317,,ARSHZHP11F33DFFFFA,Chopin,ARPSAX91187B9940E1,Edvard Grieg,ARIGDQZ1187FB44FAB,Ludwig van Beethoven
1820-1830,ARZCCGX11F4C83D6DE,Tomaso Albinoni,"Venice, Italy",12.3309,45.4389,1694,1751,d13868304b903ced2371bc14d5e05240a43cf1c2.jpg,http://www.myspace.com/tomasoalbinoni,0.622895,3765,classical,baroque,romantic,,,,,,,,,,0.425689,28276,0.575646063,2000,,ARANBBZ11F50C4AABA,Albinoni,ARF88YF1187FB5C95D,Tomaso Giovanni Albinoni,ARDI1X71187B9AED85,Antonio Vivaldi
1820-1830,AR8KUJL1187FB46AD6,Franz Liszt,"Raiding, Austria",16.5303,47.5562,1823,1886,a13888f83f05b60b04c5ac5d34486b4afb8e0557.jpg,http://en.wikipedia.org/wiki/Franz_Liszt,0.622255,3803,romantic,classical,classical christmas,,,,,,,,,,0.646777,1585,0.410760754,102512,,ARWSRGX1187B9A00B5,Franz Schubert,ARPSZEW1187FB48350,Camille Saint-Saens,ARMCO231187FB36036,Johannes Brahms
1820-1830,AR8UYYT1187FB36431,Christoph Willibald Gluck,"Berching, Germany",11.4414,49.1069,1737,1787,ccf504aaea0388d64976b3dab0ab2e9f4f97b98d.jpg,http://www.myspace.com/christophwillibaldvongluck,0.611185,4550,baroque,classical christmas,classical period,classical,romantic,,,,,,,,0.564049,4893,0.462491468,36821,,AROO8NE1187FB49630,Luigi Boccherini,ARWEAFP12DA0D160D2,GLUCK,AR9HW5Q1187FB37C02,Giovanni Battista Pergolesi
1820-1830,AR86HR51187FB5BECF,Johann Pachelbel,"Nuremberg, Germany",11.0775,49.4542,1672,1706,27e8994ea4dbea61f8e07835fc362e73553e52ec.jpg,http://en.wikipedia.org/wiki/johann_pachelbel,0.60363,5229,classical christmas,baroque,classical,romantic,,,,,,,,,0.577793,4067,0.447069262,53088,,AR6N6EP1187B9B37CB,Georg Philipp Telemann,ARDI1X71187B9AED85,Antonio Vivaldi,ARSPLZD11F4C83BC8C,Franz Joseph Haydn
1820-1830,ARRKD8Q1187FB49555,Felix Mendelssohn,"Berlin, Germany",13.383151,52.494546,1819,1847,26c5589f0d075be87cdcf66ebd3bdab0fe7e9138.jpg,http://en.wikipedia.org/wiki/Felix_Mendelssohn,0.603263,5269,classical christmas,romantic,classical,,,,,,,,,,0.651268,1494,0.39504932,135475,,ARMCO231187FB36036,Johannes Brahms,ARWSRGX1187B9A00B5,Franz Schubert,ARRUQPD11F4C83E2C0,Brahms
1820-1830,ARDI1X71187B9AED85,Antonio Vivaldi,"Venice, Italy",12.3309,45.4389,1705,1741,fb801d7ead4904d83ae66fd2d49818ea8f116504.jpg,http://www.classical.net/music/composer/works/vivaldi/index.php,0.597985,5794,classical christmas,classical,baroque,romantic,,,,,,,,,0.684094,932,0.368457736,202694,,ARSPLZD11F4C83BC8C,Franz Joseph Haydn,ARBWC0V1187FB5B450,Georg Friedrich Händel,ARANBBZ11F50C4AABA,Albinoni
1820-1830,ARVGS9B1187FB3D520,Johann Strauss II,"St. Ulrich, Trentino-Alto Adige, IT",7.109191,47.58869,1825,1899,13df907452086739d886713fa2005c8ec03ee340.jpg,http://www.johann-strauss.org.uk/composers-a-m.php?id=123,0.580347,8100,romantic,classical,,,,,,,,,,,0.526847,7720,0.464584029,34899,,AROETKL11F4C841E28,John Strauss,ARQZUUR11F4C83E46F,Johann Strauss,ARFXT7C1187B9B56F5,Johann Strauss I
1820-1830,AROO8NE1187FB49630,Luigi Boccherini,"Lucca, Italy",10.448116,44.006163,1757,1805,9577580a40b7188dd61e8d7073f5fe09c324dfed.jpg,http://www.last.fm/music/Luigi+Boccherini,0.56629,10426,baroque,classical period,classical,romantic,,,,,,,,,0.512214,9249,0.463186718,36175,,ARLYKFN11F50C4AAC6,Bocherini,ARF88YF1187FB5C95D,Tomaso Giovanni Albinoni,AR482PE1187FB4F855,Arcangelo Corelli
1830-1840,ARWCAKO1187FB38932,Wolfgang Amadeus Mozart,"Salzburg, Salzburg, AT",13.0477,47.7972,1764,1791,2e7d4f7373412a29da4fa6ae4732396168662f9f.jpg,http://en.wikipedia.org/wiki/Wolfgang_Amadeus_Mozart,0.690829,1759,classical christmas,classical,romantic,classical period,,,,,,,,,0.726453,471,0.390536267,147774,,AR005TP1187B9B9A20,Amadeus Mozart,ARVFIOO1187FB39078,Johann Sebastian Bach,ARIGDQZ1187FB44FAB,Ludwig van Beethoven
1830-1840,AR5V9Y81187FB57DBA,Frederic Chopin,"Zelazowa Wola, Masovian, PL",103.7563,1.4764,1817,1849,0d17d03be762777bab45a3fdd9e9104ef9ad16cc.jpg,http://www.myspace.com/frederic_chopin,0.653217,2627,classical,romantic,classical christmas,,,,,,,,,,0.701149,724,0.389218055,151317,,ARSHZHP11F33DFFFFA,Chopin,ARPSAX91187B9940E1,Edvard Grieg,ARIGDQZ1187FB44FAB,Ludwig van Beethoven
1830-1840,ARZCCGX11F4C83D6DE,Tomaso Albinoni,"Venice, Italy",12.3309,45.4389,1694,1751,d13868304b903ced2371bc14d5e05240a43cf1c2.jpg,http://www.myspace.com/tomasoalbinoni,0.622895,3765,classical,baroque,romantic,,,,,,,,,,0.425689,28276,0.575646063,2000,,ARANBBZ11F50C4AABA,Albinoni,ARF88YF1187FB5C95D,Tomaso Giovanni Albinoni,ARDI1X71187B9AED85,Antonio Vivaldi
1830-1840,AR8KUJL1187FB46AD6,Franz Liszt,"Raiding, Austria",16.5303,47.5562,1823,1886,a13888f83f05b60b04c5ac5d34486b4afb8e0557.jpg,http://en.wikipedia.org/wiki/Franz_Liszt,0.622255,3803,romantic,classical,classical christmas,,,,,,,,,,0.646777,1585,0.410760754,102512,,ARWSRGX1187B9A00B5,Franz Schubert,ARPSZEW1187FB48350,Camille Saint-Saens,ARMCO231187FB36036,Johannes Brahms
1830-1840,AR8UYYT1187FB36431,Christoph Willibald Gluck,"Berching, Germany",11.4414,49.1069,1737,1787,ccf504aaea0388d64976b3dab0ab2e9f4f97b98d.jpg,http://www.myspace.com/christophwillibaldvongluck,0.611185,4550,baroque,classical christmas,classical period,classical,romantic,,,,,,,,0.564049,4893,0.462491468,36821,,AROO8NE1187FB49630,Luigi Boccherini,ARWEAFP12DA0D160D2,GLUCK,AR9HW5Q1187FB37C02,Giovanni Battista Pergolesi
1830-1840,AR86HR51187FB5BECF,Johann Pachelbel,"Nuremberg, Germany",11.0775,49.4542,1672,1706,27e8994ea4dbea61f8e07835fc362e73553e52ec.jpg,http://en.wikipedia.org/wiki/johann_pachelbel,0.60363,5229,classical christmas,baroque,classical,romantic,,,,,,,,,0.577793,4067,0.447069262,53088,,AR6N6EP1187B9B37CB,Georg Philipp Telemann,ARDI1X71187B9AED85,Antonio Vivaldi,ARSPLZD11F4C83BC8C,Franz Joseph Haydn
1830-1840,ARRKD8Q1187FB49555,Felix Mendelssohn,"Berlin, Germany",13.383151,52.494546,1819,1847,26c5589f0d075be87cdcf66ebd3bdab0fe7e9138.jpg,http://en.wikipedia.org/wiki/Felix_Mendelssohn,0.603263,5269,classical christmas,romantic,classical,,,,,,,,,,0.651268,1494,0.39504932,135475,,ARMCO231187FB36036,Johannes Brahms,ARWSRGX1187B9A00B5,Franz Schubert,ARRUQPD11F4C83E2C0,Brahms
1830-1840,ARI28UN1187FB50184,Charles Gounod,"Paris, France",2.324382,48.864702,1839,1893,2463e7119936cf1d19e5c8eb7644fe3f0fa32237.jpg,http://www.charles-gounod.com/,0.602244,5354,romantic,classical,baroque,,,,,,,,,,0.485302,12983,0.512078799,8316,,AR7VQRW1187B9ACADC,Jules Massenet,AR70VBM1187B9AE4CE,Leo Delibes,ARYNLM31187B9B1F18,Jacques Offenbach
1830-1840,ARDI1X71187B9AED85,Antonio Vivaldi,"Venice, Italy",12.3309,45.4389,1705,1741,fb801d7ead4904d83ae66fd2d49818ea8f116504.jpg,http://www.classical.net/music/composer/works/vivaldi/index.php,0.597985,5794,classical christmas,classical,baroque,romantic,,,,,,,,,0.684094,932,0.368457736,202694,,ARSPLZD11F4C83BC8C,Franz Joseph Haydn,ARBWC0V1187FB5B450,Georg Friedrich Händel,ARANBBZ11F50C4AABA,Albinoni
1830-1840,AR8WBYL1187B9B2605,Richard Wagner,"Leipzig, Germany ",12.375,51.342,1833,1883,c4631dcc5c63825db5840869f89cd629a4466c7b.jpg,http://www.last.fm/music/Richard+Wagner,0.595683,6079,classical,romantic,,,,,,,,,,,0.686649,893,0.365232885,212155,,ARCB9KT1187FB540EA,R. Wagner,ARSAHSA11F3462EBEA,Wagner,ARIGDQZ1187FB44FAB,Ludwig van Beethoven
1840-1850,ARWCAKO1187FB38932,Wolfgang Amadeus Mozart,"Salzburg, Salzburg, AT",13.0477,47.7972,1764,1791,2e7d4f7373412a29da4fa6ae4732396168662f9f.jpg,http://en.wikipedia.org/wiki/Wolfgang_Amadeus_Mozart,0.690829,1759,classical christmas,classical,romantic,classical period,,,,,,,,,0.726453,471,0.390536267,147774,,AR005TP1187B9B9A20,Amadeus Mozart,ARVFIOO1187FB39078,Johann Sebastian Bach,ARIGDQZ1187FB44FAB,Ludwig van Beethoven
1840-1850,AR5V9Y81187FB57DBA,Frederic Chopin,"Zelazowa Wola, Masovian, PL",103.7563,1.4764,1817,1849,0d17d03be762777bab45a3fdd9e9104ef9ad16cc.jpg,http://www.myspace.com/frederic_chopin,0.653217,2627,classical,romantic,classical christmas,,,,,,,,,,0.701149,724,0.389218055,151317,,ARSHZHP11F33DFFFFA,Chopin,ARPSAX91187B9940E1,Edvard Grieg,ARIGDQZ1187FB44FAB,Ludwig van Beethoven
1840-1850,ARHPMTT11E2835D684,Mormon Tabernacle Choir,"Salt Lake City, Utah",-111.891,40.7608,1847,2050,b519b746dd6b62f4b42a5881fd591c9e04b853b3.jpg,http://www.mormontabernaclechoir.org/,0.641852,2970,lds,christian christmas,,,,,,,,,,,0.483986,13204,0.546780793,3238,,ARGTEKB1187B9B7A65,Michael Mclean,ARKFUGK1187B9AC8EA,Kenneth Cope,AR4X76R1187FB42D41,Jenny Phillips
1840-1850,ARZCCGX11F4C83D6DE,Tomaso Albinoni,"Venice, Italy",12.3309,45.4389,1694,1751,d13868304b903ced2371bc14d5e05240a43cf1c2.jpg,http://www.myspace.com/tomasoalbinoni,0.622895,3765,classical,baroque,romantic,,,,,,,,,,0.425689,28276,0.575646063,2000,,ARANBBZ11F50C4AABA,Albinoni,ARF88YF1187FB5C95D,Tomaso Giovanni Albinoni,ARDI1X71187B9AED85,Antonio Vivaldi
1840-1850,AR8KUJL1187FB46AD6,Franz Liszt,"Raiding, Austria",16.5303,47.5562,1823,1886,a13888f83f05b60b04c5ac5d34486b4afb8e0557.jpg,http://en.wikipedia.org/wiki/Franz_Liszt,0.622255,3803,romantic,classical,classical christmas,,,,,,,,,,0.646777,1585,0.410760754,102512,,ARWSRGX1187B9A00B5,Franz Schubert,ARPSZEW1187FB48350,Camille Saint-Saens,ARMCO231187FB36036,Johannes Brahms
1840-1850,AR8UYYT1187FB36431,Christoph Willibald Gluck,"Berching, Germany",11.4414,49.1069,1737,1787,ccf504aaea0388d64976b3dab0ab2e9f4f97b98d.jpg,http://www.myspace.com/christophwillibaldvongluck,0.611185,4550,baroque,classical christmas,classical period,classical,romantic,,,,,,,,0.564049,4893,0.462491468,36821,,AROO8NE1187FB49630,Luigi Boccherini,ARWEAFP12DA0D160D2,GLUCK,AR9HW5Q1187FB37C02,Giovanni Battista Pergolesi
1840-1850,AR86HR51187FB5BECF,Johann Pachelbel,"Nuremberg, Germany",11.0775,49.4542,1672,1706,27e8994ea4dbea61f8e07835fc362e73553e52ec.jpg,http://en.wikipedia.org/wiki/johann_pachelbel,0.60363,5229,classical christmas,baroque,classical,romantic,,,,,,,,,0.577793,4067,0.447069262,53088,,AR6N6EP1187B9B37CB,Georg Philipp Telemann,ARDI1X71187B9AED85,Antonio Vivaldi,ARSPLZD11F4C83BC8C,Franz Joseph Haydn
1840-1850,ARRKD8Q1187FB49555,Felix Mendelssohn,"Berlin, Germany",13.383151,52.494546,1819,1847,26c5589f0d075be87cdcf66ebd3bdab0fe7e9138.jpg,http://en.wikipedia.org/wiki/Felix_Mendelssohn,0.603263,5269,classical christmas,romantic,classical,,,,,,,,,,0.651268,1494,0.39504932,135475,,ARMCO231187FB36036,Johannes Brahms,ARWSRGX1187B9A00B5,Franz Schubert,ARRUQPD11F4C83E2C0,Brahms
1840-1850,ARI28UN1187FB50184,Charles Gounod,"Paris, France",2.324382,48.864702,1839,1893,2463e7119936cf1d19e5c8eb7644fe3f0fa32237.jpg,http://www.charles-gounod.com/,0.602244,5354,romantic,classical,baroque,,,,,,,,,,0.485302,12983,0.512078799,8316,,AR7VQRW1187B9ACADC,Jules Massenet,AR70VBM1187B9AE4CE,Leo Delibes,ARYNLM31187B9B1F18,Jacques Offenbach
1840-1850,ARDI1X71187B9AED85,Antonio Vivaldi,"Venice, Italy",12.3309,45.4389,1705,1741,fb801d7ead4904d83ae66fd2d49818ea8f116504.jpg,http://www.classical.net/music/composer/works/vivaldi/index.php,0.597985,5794,classical christmas,classical,baroque,romantic,,,,,,,,,0.684094,932,0.368457736,202694,,ARSPLZD11F4C83BC8C,Franz Joseph Haydn,ARBWC0V1187FB5B450,Georg Friedrich Händel,ARANBBZ11F50C4AABA,Albinoni
1850-1860,ARWCAKO1187FB38932,Wolfgang Amadeus Mozart,"Salzburg, Salzburg, AT",13.0477,47.7972,1764,1791,2e7d4f7373412a29da4fa6ae4732396168662f9f.jpg,http://en.wikipedia.org/wiki/Wolfgang_Amadeus_Mozart,0.690829,1759,classical christmas,classical,romantic,classical period,,,,,,,,,0.726453,471,0.390536267,147774,,AR005TP1187B9B9A20,Amadeus Mozart,ARVFIOO1187FB39078,Johann Sebastian Bach,ARIGDQZ1187FB44FAB,Ludwig van Beethoven
1850-1860,AR5V9Y81187FB57DBA,Frederic Chopin,"Zelazowa Wola, Masovian, PL",103.7563,1.4764,1817,1849,0d17d03be762777bab45a3fdd9e9104ef9ad16cc.jpg,http://www.myspace.com/frederic_chopin,0.653217,2627,classical,romantic,classical christmas,,,,,,,,,,0.701149,724,0.389218055,151317,,ARSHZHP11F33DFFFFA,Chopin,ARPSAX91187B9940E1,Edvard Grieg,ARIGDQZ1187FB44FAB,Ludwig van Beethoven
1850-1860,ARHPMTT11E2835D684,Mormon Tabernacle Choir,"Salt Lake City, Utah",-111.891,40.7608,1847,2050,b519b746dd6b62f4b42a5881fd591c9e04b853b3.jpg,http://www.mormontabernaclechoir.org/,0.641852,2970,lds,christian christmas,,,,,,,,,,,0.483986,13204,0.546780793,3238,,ARGTEKB1187B9B7A65,Michael Mclean,ARKFUGK1187B9AC8EA,Kenneth Cope,AR4X76R1187FB42D41,Jenny Phillips
1850-1860,ARZCCGX11F4C83D6DE,Tomaso Albinoni,"Venice, Italy",12.3309,45.4389,1694,1751,d13868304b903ced2371bc14d5e05240a43cf1c2.jpg,http://www.myspace.com/tomasoalbinoni,0.622895,3765,classical,baroque,romantic,,,,,,,,,,0.425689,28276,0.575646063,2000,,ARANBBZ11F50C4AABA,Albinoni,ARF88YF1187FB5C95D,Tomaso Giovanni Albinoni,ARDI1X71187B9AED85,Antonio Vivaldi
1850-1860,AR8KUJL1187FB46AD6,Franz Liszt,"Raiding, Austria",16.5303,47.5562,1823,1886,a13888f83f05b60b04c5ac5d34486b4afb8e0557.jpg,http://en.wikipedia.org/wiki/Franz_Liszt,0.622255,3803,romantic,classical,classical christmas,,,,,,,,,,0.646777,1585,0.410760754,102512,,ARWSRGX1187B9A00B5,Franz Schubert,ARPSZEW1187FB48350,Camille Saint-Saens,ARMCO231187FB36036,Johannes Brahms
1850-1860,AR8UYYT1187FB36431,Christoph Willibald Gluck,"Berching, Germany",11.4414,49.1069,1737,1787,ccf504aaea0388d64976b3dab0ab2e9f4f97b98d.jpg,http://www.myspace.com/christophwillibaldvongluck,0.611185,4550,baroque,classical christmas,classical period,classical,romantic,,,,,,,,0.564049,4893,0.462491468,36821,,AROO8NE1187FB49630,Luigi Boccherini,ARWEAFP12DA0D160D2,GLUCK,AR9HW5Q1187FB37C02,Giovanni Battista Pergolesi
1850-1860,ARPSAX91187B9940E1,Edvard Grieg,"Bergen, Norway",5.328,60.392,1858,1907,5a434b6894d4e48995866aa31fa4f726e5773fa5.jpg,http://www.mnc.net/norway/EHG.htm,0.610757,4586,classical,romantic,classical christmas,,,,,,,,,,0.636533,1834,0.410490055,103103,,ARPSZEW1187FB48350,Camille Saint-Saens,ARVE38S1187B98C8F4,Antonin Dvoak,ARKR2ZM1187FB48108,Bed?ich Smetana
1850-1860,AR86HR51187FB5BECF,Johann Pachelbel,"Nuremberg, Germany",11.0775,49.4542,1672,1706,27e8994ea4dbea61f8e07835fc362e73553e52ec.jpg,http://en.wikipedia.org/wiki/johann_pachelbel,0.60363,5229,classical christmas,baroque,classical,romantic,,,,,,,,,0.577793,4067,0.447069262,53088,,AR6N6EP1187B9B37CB,Georg Philipp Telemann,ARDI1X71187B9AED85,Antonio Vivaldi,ARSPLZD11F4C83BC8C,Franz Joseph Haydn
1850-1860,ARRKD8Q1187FB49555,Felix Mendelssohn,"Berlin, Germany",13.383151,52.494546,1819,1847,26c5589f0d075be87cdcf66ebd3bdab0fe7e9138.jpg,http://en.wikipedia.org/wiki/Felix_Mendelssohn,0.603263,5269,classical christmas,romantic,classical,,,,,,,,,,0.651268,1494,0.39504932,135475,,ARMCO231187FB36036,Johannes Brahms,ARWSRGX1187B9A00B5,Franz Schubert,ARRUQPD11F4C83E2C0,Brahms
1850-1860,ARI28UN1187FB50184,Charles Gounod,"Paris, France",2.324382,48.864702,1839,1893,2463e7119936cf1d19e5c8eb7644fe3f0fa32237.jpg,http://www.charles-gounod.com/,0.602244,5354,romantic,classical,baroque,,,,,,,,,,0.485302,12983,0.512078799,8316,,AR7VQRW1187B9ACADC,Jules Massenet,AR70VBM1187B9AE4CE,Leo Delibes,ARYNLM31187B9B1F18,Jacques Offenbach
1860-1870,ARWCAKO1187FB38932,Wolfgang Amadeus Mozart,"Salzburg, Salzburg, AT",13.0477,47.7972,1764,1791,2e7d4f7373412a29da4fa6ae4732396168662f9f.jpg,http://en.wikipedia.org/wiki/Wolfgang_Amadeus_Mozart,0.690829,1759,classical christmas,classical,romantic,classical period,,,,,,,,,0.726453,471,0.390536267,147774,,AR005TP1187B9B9A20,Amadeus Mozart,ARVFIOO1187FB39078,Johann Sebastian Bach,ARIGDQZ1187FB44FAB,Ludwig van Beethoven
1860-1870,AR5V9Y81187FB57DBA,Frederic Chopin,"Zelazowa Wola, Masovian, PL",103.7563,1.4764,1817,1849,0d17d03be762777bab45a3fdd9e9104ef9ad16cc.jpg,http://www.myspace.com/frederic_chopin,0.653217,2627,classical,romantic,classical christmas,,,,,,,,,,0.701149,724,0.389218055,151317,,ARSHZHP11F33DFFFFA,Chopin,ARPSAX91187B9940E1,Edvard Grieg,ARIGDQZ1187FB44FAB,Ludwig van Beethoven
1860-1870,ARHPMTT11E2835D684,Mormon Tabernacle Choir,"Salt Lake City, Utah",-111.891,40.7608,1847,2050,b519b746dd6b62f4b42a5881fd591c9e04b853b3.jpg,http://www.mormontabernaclechoir.org/,0.641852,2970,lds,christian christmas,,,,,,,,,,,0.483986,13204,0.546780793,3238,,ARGTEKB1187B9B7A65,Michael Mclean,ARKFUGK1187B9AC8EA,Kenneth Cope,AR4X76R1187FB42D41,Jenny Phillips
1860-1870,AROU14811C8A423BC1,Pyotr Ilyich Tchaikovsky,"Votkinsk, Udmurtia Republic, RU",53.9872,57.0486,1865,1893,0d779eb9b65a5f1351d6ecbd6a222dba7a74fbb6.jpg,http://en.wikipedia.org/wiki/Pyotr_Ilyich_Tchaikovsky,0.636617,3158,romantic,classical christmas,classical,,,,,,,,,,0.696797,767,0.382638678,168149,,ARVE38S1187B98C8F4,Antonin Dvoak,AROJANS11F4C83B4FC,Sergei Rachmaninoff,ARPSAX91187B9940E1,Edvard Grieg
1860-1870,ARZCCGX11F4C83D6DE,Tomaso Albinoni,"Venice, Italy",12.3309,45.4389,1694,1751,d13868304b903ced2371bc14d5e05240a43cf1c2.jpg,http://www.myspace.com/tomasoalbinoni,0.622895,3765,classical,baroque,romantic,,,,,,,,,,0.425689,28276,0.575646063,2000,,ARANBBZ11F50C4AABA,Albinoni,ARF88YF1187FB5C95D,Tomaso Giovanni Albinoni,ARDI1X71187B9AED85,Antonio Vivaldi
1860-1870,AR8KUJL1187FB46AD6,Franz Liszt,"Raiding, Austria",16.5303,47.5562,1823,1886,a13888f83f05b60b04c5ac5d34486b4afb8e0557.jpg,http://en.wikipedia.org/wiki/Franz_Liszt,0.622255,3803,romantic,classical,classical christmas,,,,,,,,,,0.646777,1585,0.410760754,102512,,ARWSRGX1187B9A00B5,Franz Schubert,ARPSZEW1187FB48350,Camille Saint-Saens,ARMCO231187FB36036,Johannes Brahms
1860-1870,AR8UYYT1187FB36431,Christoph Willibald Gluck,"Berching, Germany",11.4414,49.1069,1737,1787,ccf504aaea0388d64976b3dab0ab2e9f4f97b98d.jpg,http://www.myspace.com/christophwillibaldvongluck,0.611185,4550,baroque,classical christmas,classical period,classical,romantic,,,,,,,,0.564049,4893,0.462491468,36821,,AROO8NE1187FB49630,Luigi Boccherini,ARWEAFP12DA0D160D2,GLUCK,AR9HW5Q1187FB37C02,Giovanni Battista Pergolesi
1860-1870,ARPSAX91187B9940E1,Edvard Grieg,"Bergen, Norway",5.328,60.392,1858,1907,5a434b6894d4e48995866aa31fa4f726e5773fa5.jpg,http://www.mnc.net/norway/EHG.htm,0.610757,4586,classical,romantic,classical christmas,,,,,,,,,,0.636533,1834,0.410490055,103103,,ARPSZEW1187FB48350,Camille Saint-Saens,ARVE38S1187B98C8F4,Antonin Dvoak,ARKR2ZM1187FB48108,Bed?ich Smetana
1860-1870,AR8QG151187B9A0E57,Richard Strauss,"Munich, Germany",11.571,48.1345,1864,1949,44f3fc5c0d099b98b1539ef942d51c3cf895e316.jpg,http://www.richardstrauss.at/,0.608585,4764,romantic,classical,,,,,,,,,,,0.626202,2099,0.416372792,92818,,ARHN26L1187FB4D343,Gustav Mahler,ARLF4MK1187B9B40CC,Carl Maria von Weber,ARFJW6J1187FB400B1,Jean Sibelius
1860-1870,ARL1OBP1187B9B09E1,Gabriel Faure,"Pamiers, France",1.6108,43.1164,1866,1924,e98eb7c80d664016cf8e04f0ab66603e7037be56.jpg,http://www.last.fm/music/Gabriel+Faur%C3%A9,0.604143,5181,classical,romantic,,,,,,,,,,,0.612865,2551,0.422732027,83777,,ARJPFPC11F4C83D785,Gabriel Urbain Faure,ARHPAIA11F4C841DF4,Faure,ARPSZEW1187FB48350,Camille Saint-Saens
1870-1880,ARWCAKO1187FB38932,Wolfgang Amadeus Mozart,"Salzburg, Salzburg, AT",13.0477,47.7972,1764,1791,2e7d4f7373412a29da4fa6ae4732396168662f9f.jpg,http://en.wikipedia.org/wiki/Wolfgang_Amadeus_Mozart,0.690829,1759,classical christmas,classical,romantic,classical period,,,,,,,,,0.726453,471,0.390536267,147774,,AR005TP1187B9B9A20,Amadeus Mozart,ARVFIOO1187FB39078,Johann Sebastian Bach,ARIGDQZ1187FB44FAB,Ludwig van Beethoven
1870-1880,AR5V9Y81187FB57DBA,Frederic Chopin,"Zelazowa Wola, Masovian, PL",103.7563,1.4764,1817,1849,0d17d03be762777bab45a3fdd9e9104ef9ad16cc.jpg,http://www.myspace.com/frederic_chopin,0.653217,2627,classical,romantic,classical christmas,,,,,,,,,,0.701149,724,0.389218055,151317,,ARSHZHP11F33DFFFFA,Chopin,ARPSAX91187B9940E1,Edvard Grieg,ARIGDQZ1187FB44FAB,Ludwig van Beethoven
1870-1880,ARHPMTT11E2835D684,Mormon Tabernacle Choir,"Salt Lake City, Utah",-111.891,40.7608,1847,2050,b519b746dd6b62f4b42a5881fd591c9e04b853b3.jpg,http://www.mormontabernaclechoir.org/,0.641852,2970,lds,christian christmas,,,,,,,,,,,0.483986,13204,0.546780793,3238,,ARGTEKB1187B9B7A65,Michael Mclean,ARKFUGK1187B9AC8EA,Kenneth Cope,AR4X76R1187FB42D41,Jenny Phillips
1870-1880,AROU14811C8A423BC1,Pyotr Ilyich Tchaikovsky,"Votkinsk, Udmurtia Republic, RU",53.9872,57.0486,1865,1893,0d779eb9b65a5f1351d6ecbd6a222dba7a74fbb6.jpg,http://en.wikipedia.org/wiki/Pyotr_Ilyich_Tchaikovsky,0.636617,3158,romantic,classical christmas,classical,,,,,,,,,,0.696797,767,0.382638678,168149,,ARVE38S1187B98C8F4,Antonin Dvoak,AROJANS11F4C83B4FC,Sergei Rachmaninoff,ARPSAX91187B9940E1,Edvard Grieg
1870-1880,ARZCCGX11F4C83D6DE,Tomaso Albinoni,"Venice, Italy",12.3309,45.4389,1694,1751,d13868304b903ced2371bc14d5e05240a43cf1c2.jpg,http://www.myspace.com/tomasoalbinoni,0.622895,3765,classical,baroque,romantic,,,,,,,,,,0.425689,28276,0.575646063,2000,,ARANBBZ11F50C4AABA,Albinoni,ARF88YF1187FB5C95D,Tomaso Giovanni Albinoni,ARDI1X71187B9AED85,Antonio Vivaldi
1870-1880,AR8KUJL1187FB46AD6,Franz Liszt,"Raiding, Austria",16.5303,47.5562,1823,1886,a13888f83f05b60b04c5ac5d34486b4afb8e0557.jpg,http://en.wikipedia.org/wiki/Franz_Liszt,0.622255,3803,romantic,classical,classical christmas,,,,,,,,,,0.646777,1585,0.410760754,102512,,ARWSRGX1187B9A00B5,Franz Schubert,ARPSZEW1187FB48350,Camille Saint-Saens,ARMCO231187FB36036,Johannes Brahms
1870-1880,AR8UYYT1187FB36431,Christoph Willibald Gluck,"Berching, Germany",11.4414,49.1069,1737,1787,ccf504aaea0388d64976b3dab0ab2e9f4f97b98d.jpg,http://www.myspace.com/christophwillibaldvongluck,0.611185,4550,baroque,classical christmas,classical period,classical,romantic,,,,,,,,0.564049,4893,0.462491468,36821,,AROO8NE1187FB49630,Luigi Boccherini,ARWEAFP12DA0D160D2,GLUCK,AR9HW5Q1187FB37C02,Giovanni Battista Pergolesi
1870-1880,ARPSAX91187B9940E1,Edvard Grieg,"Bergen, Norway",5.328,60.392,1858,1907,5a434b6894d4e48995866aa31fa4f726e5773fa5.jpg,http://www.mnc.net/norway/EHG.htm,0.610757,4586,classical,romantic,classical christmas,,,,,,,,,,0.636533,1834,0.410490055,103103,,ARPSZEW1187FB48350,Camille Saint-Saens,ARVE38S1187B98C8F4,Antonin Dvoak,ARKR2ZM1187FB48108,Bed?ich Smetana
1870-1880,AR8QG151187B9A0E57,Richard Strauss,"Munich, Germany",11.571,48.1345,1864,1949,44f3fc5c0d099b98b1539ef942d51c3cf895e316.jpg,http://www.richardstrauss.at/,0.608585,4764,romantic,classical,,,,,,,,,,,0.626202,2099,0.416372792,92818,,ARHN26L1187FB4D343,Gustav Mahler,ARLF4MK1187B9B40CC,Carl Maria von Weber,ARFJW6J1187FB400B1,Jean Sibelius
1870-1880,ARL1OBP1187B9B09E1,Gabriel Faure,"Pamiers, France",1.6108,43.1164,1866,1924,e98eb7c80d664016cf8e04f0ab66603e7037be56.jpg,http://www.last.fm/music/Gabriel+Faur%C3%A9,0.604143,5181,classical,romantic,,,,,,,,,,,0.612865,2551,0.422732027,83777,,ARJPFPC11F4C83D785,Gabriel Urbain Faure,ARHPAIA11F4C841DF4,Faure,ARPSZEW1187FB48350,Camille Saint-Saens
1880-1890,ARWCAKO1187FB38932,Wolfgang Amadeus Mozart,"Salzburg, Salzburg, AT",13.0477,47.7972,1764,1791,2e7d4f7373412a29da4fa6ae4732396168662f9f.jpg,http://en.wikipedia.org/wiki/Wolfgang_Amadeus_Mozart,0.690829,1759,classical christmas,classical,romantic,classical period,,,,,,,,,0.726453,471,0.390536267,147774,,AR005TP1187B9B9A20,Amadeus Mozart,ARVFIOO1187FB39078,Johann Sebastian Bach,ARIGDQZ1187FB44FAB,Ludwig van Beethoven
1880-1890,AR5V9Y81187FB57DBA,Frederic Chopin,"Zelazowa Wola, Masovian, PL",103.7563,1.4764,1817,1849,0d17d03be762777bab45a3fdd9e9104ef9ad16cc.jpg,http://www.myspace.com/frederic_chopin,0.653217,2627,classical,romantic,classical christmas,,,,,,,,,,0.701149,724,0.389218055,151317,,ARSHZHP11F33DFFFFA,Chopin,ARPSAX91187B9940E1,Edvard Grieg,ARIGDQZ1187FB44FAB,Ludwig van Beethoven
1880-1890,ARHPMTT11E2835D684,Mormon Tabernacle Choir,"Salt Lake City, Utah",-111.891,40.7608,1847,2050,b519b746dd6b62f4b42a5881fd591c9e04b853b3.jpg,http://www.mormontabernaclechoir.org/,0.641852,2970,lds,christian christmas,,,,,,,,,,,0.483986,13204,0.546780793,3238,,ARGTEKB1187B9B7A65,Michael Mclean,ARKFUGK1187B9AC8EA,Kenneth Cope,AR4X76R1187FB42D41,Jenny Phillips
1880-1890,AROU14811C8A423BC1,Pyotr Ilyich Tchaikovsky,"Votkinsk, Udmurtia Republic, RU",53.9872,57.0486,1865,1893,0d779eb9b65a5f1351d6ecbd6a222dba7a74fbb6.jpg,http://en.wikipedia.org/wiki/Pyotr_Ilyich_Tchaikovsky,0.636617,3158,romantic,classical christmas,classical,,,,,,,,,,0.696797,767,0.382638678,168149,,ARVE38S1187B98C8F4,Antonin Dvoak,AROJANS11F4C83B4FC,Sergei Rachmaninoff,ARPSAX91187B9940E1,Edvard Grieg
1880-1890,ARZCCGX11F4C83D6DE,Tomaso Albinoni,"Venice, Italy",12.3309,45.4389,1694,1751,d13868304b903ced2371bc14d5e05240a43cf1c2.jpg,http://www.myspace.com/tomasoalbinoni,0.622895,3765,classical,baroque,romantic,,,,,,,,,,0.425689,28276,0.575646063,2000,,ARANBBZ11F50C4AABA,Albinoni,ARF88YF1187FB5C95D,Tomaso Giovanni Albinoni,ARDI1X71187B9AED85,Antonio Vivaldi
1880-1890,AR8KUJL1187FB46AD6,Franz Liszt,"Raiding, Austria",16.5303,47.5562,1823,1886,a13888f83f05b60b04c5ac5d34486b4afb8e0557.jpg,http://en.wikipedia.org/wiki/Franz_Liszt,0.622255,3803,romantic,classical,classical christmas,,,,,,,,,,0.646777,1585,0.410760754,102512,,ARWSRGX1187B9A00B5,Franz Schubert,ARPSZEW1187FB48350,Camille Saint-Saens,ARMCO231187FB36036,Johannes Brahms
1880-1890,AR8UYYT1187FB36431,Christoph Willibald Gluck,"Berching, Germany",11.4414,49.1069,1737,1787,ccf504aaea0388d64976b3dab0ab2e9f4f97b98d.jpg,http://www.myspace.com/christophwillibaldvongluck,0.611185,4550,baroque,classical christmas,classical period,classical,romantic,,,,,,,,0.564049,4893,0.462491468,36821,,AROO8NE1187FB49630,Luigi Boccherini,ARWEAFP12DA0D160D2,GLUCK,AR9HW5Q1187FB37C02,Giovanni Battista Pergolesi
1880-1890,ARPSAX91187B9940E1,Edvard Grieg,"Bergen, Norway",5.328,60.392,1858,1907,5a434b6894d4e48995866aa31fa4f726e5773fa5.jpg,http://www.mnc.net/norway/EHG.htm,0.610757,4586,classical,romantic,classical christmas,,,,,,,,,,0.636533,1834,0.410490055,103103,,ARPSZEW1187FB48350,Camille Saint-Saens,ARVE38S1187B98C8F4,Antonin Dvoak,ARKR2ZM1187FB48108,Bed?ich Smetana
1880-1890,AR8QG151187B9A0E57,Richard Strauss,"Munich, Germany",11.571,48.1345,1864,1949,44f3fc5c0d099b98b1539ef942d51c3cf895e316.jpg,http://www.richardstrauss.at/,0.608585,4764,romantic,classical,,,,,,,,,,,0.626202,2099,0.416372792,92818,,ARHN26L1187FB4D343,Gustav Mahler,ARLF4MK1187B9B40CC,Carl Maria von Weber,ARFJW6J1187FB400B1,Jean Sibelius
1880-1890,ARL1OBP1187B9B09E1,Gabriel Faure,"Pamiers, France",1.6108,43.1164,1866,1924,e98eb7c80d664016cf8e04f0ab66603e7037be56.jpg,http://www.last.fm/music/Gabriel+Faur%C3%A9,0.604143,5181,classical,romantic,,,,,,,,,,,0.612865,2551,0.422732027,83777,,ARJPFPC11F4C83D785,Gabriel Urbain Faure,ARHPAIA11F4C841DF4,Faure,ARPSZEW1187FB48350,Camille Saint-Saens
1890-1900,ARWCAKO1187FB38932,Wolfgang Amadeus Mozart,"New Orleans, LA, US",-89.9354,30.0533,1764,1791,2e7d4f7373412a29da4fa6ae4732396168662f9f.jpg,http://en.wikipedia.org/wiki/Wolfgang_Amadeus_Mozart,0.690829,1759,classical christmas,classical,romantic,classical period,,,,,,,,,0.726453,471,0.390536267,147774,,AR005TP1187B9B9A20,Amadeus Mozart,ARVFIOO1187FB39078,Johann Sebastian Bach,ARIGDQZ1187FB44FAB,Ludwig van Beethoven
1890-1900,AR5V9Y81187FB57DBA,Frederic Chopin,"Salzburg, Salzburg, AT",13.0477,47.7972,1817,1849,0d17d03be762777bab45a3fdd9e9104ef9ad16cc.jpg,http://www.myspace.com/frederic_chopin,0.653217,2627,classical,romantic,classical christmas,,,,,,,,,,0.701149,724,0.389218055,151317,,ARSHZHP11F33DFFFFA,Chopin,ARPSAX91187B9940E1,Edvard Grieg,ARIGDQZ1187FB44FAB,Ludwig van Beethoven
1890-1900,ARHPMTT11E2835D684,Mormon Tabernacle Choir,"Zelazowa Wola, Masovian, PL",103.7563,1.4764,1847,2050,b519b746dd6b62f4b42a5881fd591c9e04b853b3.jpg,http://www.mormontabernaclechoir.org/,0.641852,2970,lds,christian christmas,,,,,,,,,,,0.483986,13204,0.546780793,3238,,ARGTEKB1187B9B7A65,Michael Mclean,ARKFUGK1187B9AC8EA,Kenneth Cope,AR4X76R1187FB42D41,Jenny Phillips
1890-1900,AROU14811C8A423BC1,Pyotr Ilyich Tchaikovsky,"Salt Lake City, Utah",-111.891,40.7608,1865,1893,0d779eb9b65a5f1351d6ecbd6a222dba7a74fbb6.jpg,http://en.wikipedia.org/wiki/Pyotr_Ilyich_Tchaikovsky,0.636617,3158,romantic,classical christmas,classical,,,,,,,,,,0.696797,767,0.382638678,168149,,ARVE38S1187B98C8F4,Antonin Dvoak,AROJANS11F4C83B4FC,Sergei Rachmaninoff,ARPSAX91187B9940E1,Edvard Grieg
1890-1900,AR5BFVK1187FB369A9,Erik Satie,Washington D.C. ,-77.0364,38.8951,1891,1925,8df0ab319da424e35faec8aefe42666ff71b960e.jpg,http://www.myspace.com/satieerik,0.624021,3710,minimal,classical,modern classical,romantic,,,,,,,,,0.653325,1455,0.407137513,110439,,AR3S3WU1187FB37BCD,Claude Debussy,AR6VPKS1187B9B1DD0,Maurice Ravel,ARPSZEW1187FB48350,Camille Saint-Saens
1890-1900,ARZCCGX11F4C83D6DE,Tomaso Albinoni,"Votkinsk, Udmurtia Republic, RU",53.9872,57.0486,1694,1751,d13868304b903ced2371bc14d5e05240a43cf1c2.jpg,http://www.myspace.com/tomasoalbinoni,0.622895,3765,classical,baroque,romantic,,,,,,,,,,0.425689,28276,0.575646063,2000,,ARANBBZ11F50C4AABA,Albinoni,ARF88YF1187FB5C95D,Tomaso Giovanni Albinoni,ARDI1X71187B9AED85,Antonio Vivaldi
1890-1900,AR8KUJL1187FB46AD6,Franz Liszt,"Honfleur, Lower Normandy, FR",0.2331,49.4189,1823,1886,a13888f83f05b60b04c5ac5d34486b4afb8e0557.jpg,http://en.wikipedia.org/wiki/Franz_Liszt,0.622255,3803,romantic,classical,classical christmas,,,,,,,,,,0.646777,1585,0.410760754,102512,,ARWSRGX1187B9A00B5,Franz Schubert,ARPSZEW1187FB48350,Camille Saint-Saens,ARMCO231187FB36036,Johannes Brahms
1890-1900,AR8UYYT1187FB36431,Christoph Willibald Gluck,"London, England",-81.276247,42.98876,1737,1787,ccf504aaea0388d64976b3dab0ab2e9f4f97b98d.jpg,http://www.myspace.com/christophwillibaldvongluck,0.611185,4550,baroque,classical christmas,classical period,classical,romantic,,,,,,,,0.564049,4893,0.462491468,36821,,AROO8NE1187FB49630,Luigi Boccherini,ARWEAFP12DA0D160D2,GLUCK,AR9HW5Q1187FB37C02,Giovanni Battista Pergolesi
1890-1900,ARPSAX91187B9940E1,Edvard Grieg,"Venice, Italy",12.3309,45.4389,1858,1907,5a434b6894d4e48995866aa31fa4f726e5773fa5.jpg,http://www.mnc.net/norway/EHG.htm,0.610757,4586,classical,romantic,classical christmas,,,,,,,,,,0.636533,1834,0.410490055,103103,,ARPSZEW1187FB48350,Camille Saint-Saens,ARVE38S1187B98C8F4,Antonin Dvoak,ARKR2ZM1187FB48108,Bed?ich Smetana
1890-1900,AR8QG151187B9A0E57,Richard Strauss,"Raiding, Austria",16.5303,47.5562,1864,1949,44f3fc5c0d099b98b1539ef942d51c3cf895e316.jpg,http://www.richardstrauss.at/,0.608585,4764,romantic,classical,,,,,,,,,,,0.626202,2099,0.416372792,92818,,ARHN26L1187FB4D343,Gustav Mahler,ARLF4MK1187B9B40CC,Carl Maria von Weber,ARFJW6J1187FB400B1,Jean Sibelius
1900-1910,ARWCAKO1187FB38932,Wolfgang Amadeus Mozart,"Salzburg, Salzburg, AT",13.0477,47.7972,1764,1791,2e7d4f7373412a29da4fa6ae4732396168662f9f.jpg,http://en.wikipedia.org/wiki/Wolfgang_Amadeus_Mozart,0.690829,1759,classical christmas,classical,romantic,classical period,,,,,,,,,0.726453,471,0.390536267,147774,,AR005TP1187B9B9A20,Amadeus Mozart,ARVFIOO1187FB39078,Johann Sebastian Bach,ARIGDQZ1187FB44FAB,Ludwig van Beethoven
1900-1910,AR5V9Y81187FB57DBA,Frederic Chopin,"Zelazowa Wola, Masovian, PL",103.7563,1.4764,1817,1849,0d17d03be762777bab45a3fdd9e9104ef9ad16cc.jpg,http://www.myspace.com/frederic_chopin,0.653217,2627,classical,romantic,classical christmas,,,,,,,,,,0.701149,724,0.389218055,151317,,ARSHZHP11F33DFFFFA,Chopin,ARPSAX91187B9940E1,Edvard Grieg,ARIGDQZ1187FB44FAB,Ludwig van Beethoven
1900-1910,ARHPMTT11E2835D684,Mormon Tabernacle Choir,"Salt Lake City, Utah",-111.891,40.7608,1847,2050,b519b746dd6b62f4b42a5881fd591c9e04b853b3.jpg,http://www.mormontabernaclechoir.org/,0.641852,2970,lds,christian christmas,,,,,,,,,,,0.483986,13204,0.546780793,3238,,ARGTEKB1187B9B7A65,Michael Mclean,ARKFUGK1187B9AC8EA,Kenneth Cope,AR4X76R1187FB42D41,Jenny Phillips
1900-1910,AROU14811C8A423BC1,Pyotr Ilyich Tchaikovsky,"Votkinsk, Udmurtia Republic, RU",53.9872,57.0486,1865,1893,0d779eb9b65a5f1351d6ecbd6a222dba7a74fbb6.jpg,http://en.wikipedia.org/wiki/Pyotr_Ilyich_Tchaikovsky,0.636617,3158,romantic,classical christmas,classical,,,,,,,,,,0.696797,767,0.382638678,168149,,ARVE38S1187B98C8F4,Antonin Dvoak,AROJANS11F4C83B4FC,Sergei Rachmaninoff,ARPSAX91187B9940E1,Edvard Grieg
1900-1910,AR5BFVK1187FB369A9,Erik Satie,"Honfleur, Lower Normandy, FR",0.2331,49.4189,1891,1925,8df0ab319da424e35faec8aefe42666ff71b960e.jpg,http://www.myspace.com/satieerik,0.624021,3710,minimal,classical,modern classical,romantic,,,,,,,,,0.653325,1455,0.407137513,110439,,AR3S3WU1187FB37BCD,Claude Debussy,AR6VPKS1187B9B1DD0,Maurice Ravel,ARPSZEW1187FB48350,Camille Saint-Saens
1900-1910,ARB4A7P1187FB57487,London Symphony Orchestra,"Venice, Italy",12.3309,45.4389,1904,2050,e942c74e74a5cd145ff9365aa05be33f1581a694.jpg,http://lso.co.uk,0.623345,3745,minimal,classical,modern classical,romantic,,,,,,,,,0.602649,2939,0.443592353,57242,,ARRKHGI11F4C83B639,Royal Philharmonic Orchestra,ARNTQYY11F4C847F41,Berlin Philharmonic,ARVZQ761187FB3A889,Berliner Philharmoniker
1900-1910,ARZCCGX11F4C83D6DE,Tomaso Albinoni,"Raiding, Austria",16.5303,47.5562,1694,1751,d13868304b903ced2371bc14d5e05240a43cf1c2.jpg,http://www.myspace.com/tomasoalbinoni,0.622895,3765,classical,baroque,romantic,,,,,,,,,,0.425689,28276,0.575646063,2000,,ARANBBZ11F50C4AABA,Albinoni,ARF88YF1187FB5C95D,Tomaso Giovanni Albinoni,ARDI1X71187B9AED85,Antonio Vivaldi
1900-1910,AR8KUJL1187FB46AD6,Franz Liszt,"Berching, Germany",11.4414,49.1069,1823,1886,a13888f83f05b60b04c5ac5d34486b4afb8e0557.jpg,http://en.wikipedia.org/wiki/Franz_Liszt,0.622255,3803,romantic,classical,classical christmas,,,,,,,,,,0.646777,1585,0.410760754,102512,,ARWSRGX1187B9A00B5,Franz Schubert,ARPSZEW1187FB48350,Camille Saint-Saens,ARMCO231187FB36036,Johannes Brahms
1900-1910,AR40VWF1187FB3AD7F,Fred Astaire,"Bergen, Norway",5.328,60.392,1904,1981,aa8e4e98b59a13705e22118c565675307f0fa30b.jpg,http://en.wikipedia.org/wiki/Fred_Astaire,0.620511,3895,tin pan alley,adult standards,christmas,cabaret,lounge,vocal jazz,,,,,,,0.635922,1854,0.417488804,91122,,ARKRRKM138F8A09188,Judy Garland,ARMDKIJ1187FB3BB7F,Judy Garland and Liza Minnelli,ARRL2QH1187B9AC814,Bing Crosby
1900-1910,AR8UYYT1187FB36431,Christoph Willibald Gluck,"Munich, Germany",11.571,48.1345,1737,1787,ccf504aaea0388d64976b3dab0ab2e9f4f97b98d.jpg,http://www.myspace.com/christophwillibaldvongluck,0.611185,4550,baroque,classical christmas,classical period,classical,romantic,,,,,,,,0.564049,4893,0.462491468,36821,,AROO8NE1187FB49630,Luigi Boccherini,ARWEAFP12DA0D160D2,GLUCK,AR9HW5Q1187FB37C02,Giovanni Battista Pergolesi
1910-1920,ARB1DDF1187FB4FCFB,Louis Armstrong,"Salzburg, Salzburg, AT",13.0477,47.7972,1914,1971,187487992eee93ac0b73456f4d3295e6ea370c68.jpg,http://www.udiscovermusic.com/artists/louis-armstrong,0.702898,1547,new orleans jazz,jazz christmas,swing,vocal jazz,lounge,dixieland,cabaret,big band,ragtime,jazz,,,0.775517,188,0.354406563,239541,,ARYBXCB11F50C4E0E0,Louis Armstrong And His Orchestra,ARQYMRM1187FB55281,King Oliver,AR9J8SD1187FB3DAA4,Bix Beiderbecke
1910-1920,ARWCAKO1187FB38932,Wolfgang Amadeus Mozart,"Zelazowa Wola, Masovian, PL",103.7563,1.4764,1764,1791,2e7d4f7373412a29da4fa6ae4732396168662f9f.jpg,http://en.wikipedia.org/wiki/Wolfgang_Amadeus_Mozart,0.690829,1759,classical christmas,classical,romantic,classical period,,,,,,,,,0.726453,471,0.390536267,147774,,AR005TP1187B9B9A20,Amadeus Mozart,ARVFIOO1187FB39078,Johann Sebastian Bach,ARIGDQZ1187FB44FAB,Ludwig van Beethoven
1910-1920,AR5V9Y81187FB57DBA,Frederic Chopin,"Salt Lake City, Utah",-111.891,40.7608,1817,1849,0d17d03be762777bab45a3fdd9e9104ef9ad16cc.jpg,http://www.myspace.com/frederic_chopin,0.653217,2627,classical,romantic,classical christmas,,,,,,,,,,0.701149,724,0.389218055,151317,,ARSHZHP11F33DFFFFA,Chopin,ARPSAX91187B9940E1,Edvard Grieg,ARIGDQZ1187FB44FAB,Ludwig van Beethoven
1910-1920,ARHPMTT11E2835D684,Mormon Tabernacle Choir,"Votkinsk, Udmurtia Republic, RU",53.9872,57.0486,1847,2050,b519b746dd6b62f4b42a5881fd591c9e04b853b3.jpg,http://www.mormontabernaclechoir.org/,0.641852,2970,lds,christian christmas,,,,,,,,,,,0.483986,13204,0.546780793,3238,,ARGTEKB1187B9B7A65,Michael Mclean,ARKFUGK1187B9AC8EA,Kenneth Cope,AR4X76R1187FB42D41,Jenny Phillips
1910-1920,ARMI36C1187B99A462,Duke Ellington,"Honfleur, Lower Normandy, FR",0.2331,49.4189,1914,1974,e9e25f9e482adf23cbd68ce65b93bfb796487f5e.jpg,http://www.DukeEllington.com,0.641269,2988,big band,jazz christmas,swing,stride,jazz,cool jazz,bebop,,,,,,0.757731,266,0.337764873,293223,,ARLKW7S1187FB3D889,Count Basie,ARAXYNO12F1299D2CE,The Duke Ellington Band,ARPNSY01187B993D1C,Earl Hines
1910-1920,AROU14811C8A423BC1,Pyotr Ilyich Tchaikovsky,"London, England",-81.276247,42.98876,1865,1893,0d779eb9b65a5f1351d6ecbd6a222dba7a74fbb6.jpg,http://en.wikipedia.org/wiki/Pyotr_Ilyich_Tchaikovsky,0.636617,3158,romantic,classical christmas,classical,,,,,,,,,,0.696797,767,0.382638678,168149,,ARVE38S1187B98C8F4,Antonin Dvoak,AROJANS11F4C83B4FC,Sergei Rachmaninoff,ARPSAX91187B9940E1,Edvard Grieg
1910-1920,AR5BFVK1187FB369A9,Erik Satie,"Venice, Italy",12.3309,45.4389,1891,1925,8df0ab319da424e35faec8aefe42666ff71b960e.jpg,http://www.myspace.com/satieerik,0.624021,3710,minimal,classical,modern classical,romantic,,,,,,,,,0.653325,1455,0.407137513,110439,,AR3S3WU1187FB37BCD,Claude Debussy,AR6VPKS1187B9B1DD0,Maurice Ravel,ARPSZEW1187FB48350,Camille Saint-Saens
1910-1920,ARB4A7P1187FB57487,London Symphony Orchestra,"Raiding, Austria",16.5303,47.5562,1904,2050,e942c74e74a5cd145ff9365aa05be33f1581a694.jpg,http://lso.co.uk,0.623345,3745,minimal,classical,modern classical,romantic,,,,,,,,,0.602649,2939,0.443592353,57242,,ARRKHGI11F4C83B639,Royal Philharmonic Orchestra,ARNTQYY11F4C847F41,Berlin Philharmonic,ARVZQ761187FB3A889,Berliner Philharmoniker
1910-1920,ARZCCGX11F4C83D6DE,Tomaso Albinoni,"Omaha, NE",-95.9378,41.2586,1694,1751,d13868304b903ced2371bc14d5e05240a43cf1c2.jpg,http://www.myspace.com/tomasoalbinoni,0.622895,3765,classical,baroque,romantic,,,,,,,,,,0.425689,28276,0.575646063,2000,,ARANBBZ11F50C4AABA,Albinoni,ARF88YF1187FB5C95D,Tomaso Giovanni Albinoni,ARDI1X71187B9AED85,Antonio Vivaldi
1910-1920,AR8KUJL1187FB46AD6,Franz Liszt,"Berching, Germany",11.4414,49.1069,1823,1886,a13888f83f05b60b04c5ac5d34486b4afb8e0557.jpg,http://en.wikipedia.org/wiki/Franz_Liszt,0.622255,3803,romantic,classical,classical christmas,,,,,,,,,,0.646777,1585,0.410760754,102512,,ARWSRGX1187B9A00B5,Franz Schubert,ARPSZEW1187FB48350,Camille Saint-Saens,ARMCO231187FB36036,Johannes Brahms
1920-1930,ARB1DDF1187FB4FCFB,Louis Armstrong,"New Orleans, LA, US",-89.9354,30.0533,1914,1971,187487992eee93ac0b73456f4d3295e6ea370c68.jpg,http://www.udiscovermusic.com/artists/louis-armstrong,0.702898,1547,new orleans jazz,jazz christmas,swing,vocal jazz,lounge,dixieland,cabaret,big band,ragtime,jazz,,,0.775517,188,0.354406563,239541,,ARYBXCB11F50C4E0E0,Louis Armstrong And His Orchestra,ARQYMRM1187FB55281,King Oliver,AR9J8SD1187FB3DAA4,Bix Beiderbecke
1920-1930,ARWCAKO1187FB38932,Wolfgang Amadeus Mozart,"Salzburg, Salzburg, AT",13.0477,47.7972,1764,1791,2e7d4f7373412a29da4fa6ae4732396168662f9f.jpg,http://en.wikipedia.org/wiki/Wolfgang_Amadeus_Mozart,0.690829,1759,classical christmas,classical,romantic,classical period,,,,,,,,,0.726453,471,0.390536267,147774,,AR005TP1187B9B9A20,Amadeus Mozart,ARVFIOO1187FB39078,Johann Sebastian Bach,ARIGDQZ1187FB44FAB,Ludwig van Beethoven
1920-1930,AR5V9Y81187FB57DBA,Frederic Chopin,"Zelazowa Wola, Masovian, PL",103.7563,1.4764,1817,1849,0d17d03be762777bab45a3fdd9e9104ef9ad16cc.jpg,http://www.myspace.com/frederic_chopin,0.653217,2627,classical,romantic,classical christmas,,,,,,,,,,0.701149,724,0.389218055,151317,,ARSHZHP11F33DFFFFA,Chopin,ARPSAX91187B9940E1,Edvard Grieg,ARIGDQZ1187FB44FAB,Ludwig van Beethoven
1920-1930,ARHPMTT11E2835D684,Mormon Tabernacle Choir,"Salt Lake City, Utah",-111.891,40.7608,1847,2050,b519b746dd6b62f4b42a5881fd591c9e04b853b3.jpg,http://www.mormontabernaclechoir.org/,0.641852,2970,lds,christian christmas,,,,,,,,,,,0.483986,13204,0.546780793,3238,,ARGTEKB1187B9B7A65,Michael Mclean,ARKFUGK1187B9AC8EA,Kenneth Cope,AR4X76R1187FB42D41,Jenny Phillips
1920-1930,ARMI36C1187B99A462,Duke Ellington,Washington D.C. ,-77.0364,38.8951,1914,1974,e9e25f9e482adf23cbd68ce65b93bfb796487f5e.jpg,http://www.DukeEllington.com,0.641269,2988,big band,jazz christmas,swing,stride,jazz,cool jazz,bebop,,,,,,0.757731,266,0.337764873,293223,,ARLKW7S1187FB3D889,Count Basie,ARAXYNO12F1299D2CE,The Duke Ellington Band,ARPNSY01187B993D1C,Earl Hines
1920-1930,AROU14811C8A423BC1,Pyotr Ilyich Tchaikovsky,"Votkinsk, Udmurtia Republic, RU",53.9872,57.0486,1865,1893,0d779eb9b65a5f1351d6ecbd6a222dba7a74fbb6.jpg,http://en.wikipedia.org/wiki/Pyotr_Ilyich_Tchaikovsky,0.636617,3158,romantic,classical christmas,classical,,,,,,,,,,0.696797,767,0.382638678,168149,,ARVE38S1187B98C8F4,Antonin Dvoak,AROJANS11F4C83B4FC,Sergei Rachmaninoff,ARPSAX91187B9940E1,Edvard Grieg
1920-1930,ARRL2QH1187B9AC814,Bing Crosby,"tacoma, washington",-122.4443,47.2529,1926,1977,29ad263783e79fef9116b6c97a2271901848e9f1.jpg,http://bingcrosby.com,0.634741,3220,christmas,adult standards,lounge,cabaret,easy listening,,,,,,,,0.697901,755,0.38067425,173221,,AR0IWIR1187B98BF54,Dick Haymes,ARX5KSY1187FB3CBDC,Perry Como,ARRFQCJ1187FB55C2D,Johnny Mercer
1920-1930,AR5BFVK1187FB369A9,Erik Satie,"Honfleur, Lower Normandy, FR",0.2331,49.4189,1891,1925,8df0ab319da424e35faec8aefe42666ff71b960e.jpg,http://www.myspace.com/satieerik,0.624021,3710,minimal,classical,modern classical,romantic,,,,,,,,,0.653325,1455,0.407137513,110439,,AR3S3WU1187FB37BCD,Claude Debussy,AR6VPKS1187B9B1DD0,Maurice Ravel,ARPSZEW1187FB48350,Camille Saint-Saens
1920-1930,AREWAAS1187B98C490,Robert Johnson,"Hazlehurst, MS, US",-90.3959,31.8604,1929,1938,ec4640d494630c33ca6f14e0e711c91a7461c3fd.jpg,http://robertjohnsonbluesfoundation.org,0.623444,3740,traditional blues,delta blues,acoustic blues,blues,country blues,piedmont blues,blues-rock,classic rock,,,,,0.736301,397,0.344937698,266753,,ARTDUXM1187B9899ED,Charley Patton,AR06M3F1187FB38BED,Mississippi Fred McDowell,ARGETJ81187B9B4F2F,Son House
1920-1930,ARB4A7P1187FB57487,London Symphony Orchestra,"London, England",-81.276247,42.98876,1904,2050,e942c74e74a5cd145ff9365aa05be33f1581a694.jpg,http://lso.co.uk,0.623345,3745,traditional blues,delta blues,acoustic blues,blues,country blues,piedmont blues,blues-rock,classic rock,,,,,0.602649,2939,0.443592353,57242,,ARRKHGI11F4C83B639,Royal Philharmonic Orchestra,ARNTQYY11F4C847F41,Berlin Philharmonic,ARVZQ761187FB3A889,Berliner Philharmoniker
1930-1940,ARP06NU1187FB37604,Banda El Recodo,"Mazatlan, Mexico",-106.4062,23.2329,1938,2050,986a068303af8b336af8b1e39ebf7107234b4c35.jpg,http://www.bandaelrecodo.com.mx,0.765232,682,regional mexican,banda,grupera,ranchera,norteno,mariachi,,,,,,,0.545006,6170,0.596173425,1509,,ARLNZDA122988EDC3E,La Arrolladora Banda El Limón,AR1YYH11187FB433FE,Sergio Vega,ARPO9OE1187B9B623E,Julio Preciado
1930-1940,ARTASUV1187B9A2B67,Frank Sinatra,"Hoboken, NJ",-74.0324,40.744,1935,1995,6e842df4553e17b5cfb4d5bf490f17c77a45c138.jpg,http://sinatra.com,0.756218,787,christmas,lounge,adult standards,jazz christmas,vocal jazz,swing,easy listening,,,,,,0.807269,97,0.349907824,251140,,AR4ZNBW1187FB554B8,Tony Bennett,ARHOUWH11F4C83C276,Sammy Davis, Jr.,ARBY7AW1187FB369F8
1930-1940,AR34E0O1187B9A45AC,Ravi Shankar,"Varanasi, India",83,25.3333,1939,2012,aef030e0f417e665e66a538829ab8884d4b0ec08.jpg,http://www.ravishankar.org/,0.731713,1101,indian classical,hindustani classical,,,,,,,,,,,0.646398,1590,0.483340534,19216,,ARRDQGM1241B9C44CA,The Ravi Shankar Project,ARRRRE31187FB3E821,Ali Akbar Khan,AR7AQA11187B9B97CB,Zakir Hussain
1930-1940,ARIJE1A1187B9A458D,Ella Fitzgerald,"Newport News, VA",-76.428,36.9788,1934,1994,08088eb6f5096dba562ae21130f22160805baf1e.jpg,http://ellafitzgerald.com,0.720204,1266,vocal jazz,jazz christmas,lounge,cabaret,christmas,adult standards,swing,,,,,,0.76432,238,0.37337471,190506,,ARKG7TE1187B9A45D8,Dinah Washington,ARLPFWM1187FB4CCCB,Blossom Dearie,AR96V8H1187FB395B7,Sarah Vaughan
1930-1940,ARB1DDF1187FB4FCFB,Louis Armstrong,"New Orleans, LA, US",-89.9354,30.0533,1914,1971,187487992eee93ac0b73456f4d3295e6ea370c68.jpg,http://www.udiscovermusic.com/artists/louis-armstrong,0.702898,1547,new orleans jazz,jazz christmas,swing,vocal jazz,lounge,dixieland,cabaret,big band,ragtime,jazz,,,0.775517,188,0.354406563,239541,,ARYBXCB11F50C4E0E0,Louis Armstrong And His Orchestra,ARQYMRM1187FB55281,King Oliver,AR9J8SD1187FB3DAA4,Bix Beiderbecke
1930-1940,ARWCAKO1187FB38932,Wolfgang Amadeus Mozart,"Salzburg, Salzburg, AT",13.0477,47.7972,1764,1791,2e7d4f7373412a29da4fa6ae4732396168662f9f.jpg,http://en.wikipedia.org/wiki/Wolfgang_Amadeus_Mozart,0.690829,1759,classical christmas,classical,romantic,classical period,,,,,,,,,0.726453,471,0.390536267,147774,,AR005TP1187B9B9A20,Amadeus Mozart,ARVFIOO1187FB39078,Johann Sebastian Bach,ARIGDQZ1187FB44FAB,Ludwig van Beethoven
1930-1940,ARCS4GZ1187FB469EB,Slim Dusty,"Kempsey, New South Wales, AU",152.8309,-31.079,1938,2003,646593cbfabde20cf746215526b9464739f2a097.jpg,http://www.slimdusty.com.au/,0.685195,1861,australian country,australian pop,,,,,,,,,,,0.462029,17534,0.602086277,1397,,AREQUJ71187FB3DEEB,John Williamson,AR4VW7A1187FB493FE,Lee Kernaghan,ARNAMBH1187B98F6A4,Troy Cassar-Daley
1930-1940,ARKBH7U1187B9AC392,London Philharmonic Orchestra,"London, UK",-0.092703,51.514456,1932,2050,62ca02f925f680a9b611b49556f54d8090a28a8e.jpg,http://www.lpo.co.uk,0.659549,2451,classical christmas,deep orchestral,children's christmas,,,,,,,,,,0.561927,5027,0.500729032,11439,,AROCFXT11E2835CEF3,Philharmonia Orchestra,ARCZWOA1187FB3DDF6,Howard Blake,AR3D0Z311C8A42214D,Tasmanian Symphony Orchestra
1930-1940,ARLNCBR1187FB58F3D,Disney,"Baja California, MX",-115.242835,30.358706,1930,2010,58e3f3fe88891c341ddec8a431f049b0d2d80cd0.jpg,http://disneychannel.com,0.654696,2578,children's music,hollywood,movie tunes,,,,,,,,,,0.463553,17165,0.574058477,2042,,ARYG8CZ1187FB570E1,The Muppets,ARM8SE61187B999FAF,Sesame Street,ARZQ8LL1187FB3EFAD,Raffi
1930-1940,AR5V9Y81187FB57DBA,Frederic Chopin,"Zelazowa Wola, Masovian, PL",103.7563,1.4764,1817,1849,0d17d03be762777bab45a3fdd9e9104ef9ad16cc.jpg,http://www.myspace.com/frederic_chopin,0.653217,2627,classical,romantic,classical christmas,,,,,,,,,,0.701149,724,0.389218055,151317,,ARSHZHP11F33DFFFFA,Chopin,ARPSAX91187B9940E1,Edvard Grieg,ARIGDQZ1187FB44FAB,Ludwig van Beethoven
1940-1950,ARP06NU1187FB37604,Banda El Recodo,"Mazatlan, Mexico",-106.4062,23.2329,1938,2050,986a068303af8b336af8b1e39ebf7107234b4c35.jpg,http://www.bandaelrecodo.com.mx,0.765232,682,regional mexican,banda,grupera,ranchera,norteno,mariachi,,,,,,,0.545006,6170,0.596173425,1509,,ARLNZDA122988EDC3E,La Arrolladora Banda El Limón,AR1YYH11187FB433FE,Sergio Vega,ARPO9OE1187B9B623E,Julio Preciado
1940-1950,ARTASUV1187B9A2B67,Frank Sinatra,"Hoboken, NJ",-74.0324,40.744,1935,1995,6e842df4553e17b5cfb4d5bf490f17c77a45c138.jpg,http://sinatra.com,0.756218,787,christmas,lounge,adult standards,jazz christmas,vocal jazz,swing,easy listening,,,,,,0.807269,97,0.349907824,251140,,AR4ZNBW1187FB554B8,Tony Bennett,ARHOUWH11F4C83C276,Sammy Davis, Jr.,ARBY7AW1187FB369F8
1940-1950,ARBVKHX1187FB42704,Lata Mangeshkar,"Indore, India",75.8333,22.7179,1942,2050,c2cdf99f4982211e2a17742f730e84d801922635.jpg,http://timesofindia.indiatimes.com/articleshow/30899862.cms,0.756041,791,filmi,indian pop,,,,,,,,,,,0.63121,1956,0.512836976,8110,,ARTZQWA1269FB30E9B,Mukesh & Lata Mangeshkar,ARB9NNP1187B998734,Manna Dey,AR3UL6M1187FB53D1F,Mohammed Rafi
1940-1950,AR4ZNBW1187FB554B8,Tony Bennett,"astoria, new york",-73.9301,40.772,1949,2050,c882c14abeea4a113bc029e342b5413b445fcc66.jpg,http://www.tonybennett.com,0.754015,814,christmas,jazz christmas,adult standards,lounge,vocal jazz,cabaret,easy listening,,,,,,0.716543,560,0.43532011,67526,,ARHOUWH11F4C83C276,Sammy Davis,ARBY7AW1187FB369F8,Mel Torme,ARTASUV1187B9A2B67,Frank Sinatra
1940-1950,AR7RTGF1187FB38793,Miles Davis,"Alton, IL",-90.1843,38.8906,1944,1975,87321e29d600e4f09ba669cafddc71c532d93e1b.jpg,http://www.milesdavis.com/,0.751111,853,jazz,cool jazz,bebop,contemporary post-bop,jazz fusion,jazz christmas,,,,,,,0.821477,66,0.333083084,310199,,AR5DF1C1187FB4E94C,Miles Davis Quintet,ARQOBKF1187B9B32AB,Miles Davis Quartet,ARJIHGN11F50C4E142,Miles Davis Nonet
1940-1950,ARITVXN1187FB40521,Asha Bhosle,"Bombay, India",72.8826,19.0728,1948,2050,58e3f3fe88891c341ddec8a431f049b0d2d80cd0.jpg,http://www.asha-bhonsle.com/,0.747392,896,indian pop,filmi,world christmas,,,,,,,,,,0.591431,3399,0.54164538,3637,,AR3UL6M1187FB53D1F,Mohammed Rafi,ARBVKHX1187FB42704,Lata Mangeshkar,ARPF30C1187FB3EDF8,Kishore Kumar
1940-1950,AR34E0O1187B9A45AC,Ravi Shankar,"Varanasi, India",83,25.3333,1939,2012,aef030e0f417e665e66a538829ab8884d4b0ec08.jpg,http://www.ravishankar.org/,0.731713,1101,indian classical,hindustani classical,,,,,,,,,,,0.646398,1590,0.483340534,19216,,ARRDQGM1241B9C44CA,The Ravi Shankar Project,ARRRRE31187FB3E821,Ali Akbar Khan,AR7AQA11187B9B97CB,Zakir Hussain
1940-1950,ARPF30C1187FB3EDF8,Kishore Kumar,"Khandwa, India",76.352,21.8245,1946,1987,a27ed028a91a9502c0607d2dfd77849a0acf26f6.jpg,http://en.wikipedia.org/wiki/kishore_kumar,0.73117,1110,filmi,indian pop,,,,,,,,,,,0.58866,3530,0.532252846,4585,,ARZBHNP1241B9CDCAD,Kishore,ARBVKHX1187FB42704,Lata Mangeshkar,AR3UL6M1187FB53D1F,Mohammed Rafi
1940-1950,AR3UL6M1187FB53D1F,Mohammed Rafi,"Mumbai, India",72.8826,19.0728,1944,1980,c2c69fc14dc2f97c1520a6e70b8166dd2856d2ad.jpg,http://en.wikipedia.org/wiki/Mohammed_Rafi,0.728315,1157,qawwali,filmi,indian pop,,,,,,,,,,0.5809,3903,0.536771937,4085,,ARB9NNP1187B998734,Manna Dey,ARITVXN1187FB40521,Asha Bhosle,ARBVKHX1187FB42704,Lata Mangeshkar
1940-1950,ARIJE1A1187B9A458D,Ella Fitzgerald,"Newport News, VA",-76.428,36.9788,1934,1994,08088eb6f5096dba562ae21130f22160805baf1e.jpg,http://ellafitzgerald.com,0.720204,1266,vocal jazz,jazz christmas,lounge,cabaret,christmas,adult standards,swing,,,,,,0.76432,238,0.37337471,190506,,ARKG7TE1187B9A45D8,Dinah Washington,ARLPFWM1187FB4CCCB,Blossom Dearie,AR96V8H1187FB395B7,Sarah Vaughan
1950-1960,ARVNNXD1187B9AE50D,Marvin Gaye,"Washington, DC",-77.0364,38.8951,1959,1984,9615b471ae7971293fa3bda6c825751d07628dc1.jpg,http://www.myspace.com/marvingaye70s,0.854942,135,soul,motown,soul christmas,quiet storm,funk,classic funk rock,funk rock,,,,,,0.810936,84,0.391378724,145619,,AR76ZQP1187FB56A79,The Temptations,ARHAS6X1187B9901C6,Smokey Robinson,ARXKTYG11F50C4DA68,The Temptations Review
1950-1960,AR5FP401187FB523C9,Bob Dylan,"London, UK",-0.092703,51.514456,1959,2050,9fea3139e3d92557b6a065a201bd2a72c36ad20d.jpg,http://www.bobdylan.com,0.832029,223,folk,traditional folk,singer-songwriter,folk rock,roots rock,folk christmas,,,,,,,0.870288,12,0.310126003,397166,,ARGF9VF1187FB37DAE,The Band,ARNAQSX1187B9ADBE4,Van Morrison,AREI0AM1187FB54C33,Tim Hardin
1950-1960,ARULZ741187B9AD2EF,Elvis Presley,"Duluth, MN, US",-92.1319,46.8008,1953,1977,16045a251c9e9f5772d4aeb3f6fa23fe4fdeb54a.jpg,http://www.elvis.com/,0.820063,277,rock-and-roll,rockabilly,christmas,,,,,,,,,,0.834144,46,0.349224798,253020,,ARRXT411187B9A53EB,Jerry Lee Lewis,ARFSZXM1187FB5A941,Roy Orbison,ARQLMAT11F50C4ECFC,Rick Nelson
1950-1960,ARH861H1187B9B799E,Johnny Cash,"London, England",-81.276247,42.98876,1954,2003,63e350b46a04447ea63400959d808360559da740.jpg,http://johnnycash.com,0.793941,424,traditional country,rockabilly,country christmas,,,,,,,,,,0.847954,31,0.322430857,346447,,AR470HW1187FB3B8DF,Merle Haggard,ARMM6WZ1187FB4958D,Willie Nelson,ARGPFYP1187B98F5CB,The Highwaymen
1950-1960,ARP06NU1187FB37604,Banda El Recodo,"London, England",-81.276247,42.98876,1938,2050,986a068303af8b336af8b1e39ebf7107234b4c35.jpg,http://www.bandaelrecodo.com.mx,0.765232,682,regional mexican,banda,grupera,ranchera,norteno,mariachi,,,,,,,0.545006,6170,0.596173425,1509,,ARLNZDA122988EDC3E,La Arrolladora Banda El Limón,AR1YYH11187FB433FE,Sergio Vega,ARPO9OE1187B9B623E,Julio Preciado
1950-1960,ARTASUV1187B9A2B67,Frank Sinatra,"Liverpool, England, GB",-2.9582,53.3933,1935,1995,6e842df4553e17b5cfb4d5bf490f17c77a45c138.jpg,http://sinatra.com,0.756218,787,christmas,lounge,adult standards,jazz christmas,vocal jazz,swing,easy listening,,,,,,0.807269,97,0.349907824,251140,,AR4ZNBW1187FB554B8,Tony Bennett,ARHOUWH11F4C83C276,Sammy Davis, Jr.,ARBY7AW1187FB369F8
1950-1960,ARBVKHX1187FB42704,Lata Mangeshkar,"Memphis, TN",-90.049,35.1495,1942,2050,c2cdf99f4982211e2a17742f730e84d801922635.jpg,http://timesofindia.indiatimes.com/articleshow/30899862.cms,0.756041,791,filmi,indian pop,,,,,,,,,,,0.63121,1956,0.512836976,8110,,ARTZQWA1269FB30E9B,Mukesh & Lata Mangeshkar,ARB9NNP1187B998734,Manna Dey,AR3UL6M1187FB53D1F,Mohammed Rafi
1950-1960,AR4ZNBW1187FB554B8,Tony Bennett,"London, UK",-0.092703,51.514456,1949,2050,c882c14abeea4a113bc029e342b5413b445fcc66.jpg,http://www.tonybennett.com,0.754015,814,christmas,jazz christmas,adult standards,lounge,vocal jazz,cabaret,easy listening,,,,,,0.716543,560,0.43532011,67526,,ARHOUWH11F4C83C276,Sammy Davis,ARBY7AW1187FB369F8,Mel Torme,ARTASUV1187B9A2B67,Frank Sinatra
1950-1960,AR7RTGF1187FB38793,Miles Davis,"Freehold, NJ, US",-74.2738,40.2601,1944,1975,87321e29d600e4f09ba669cafddc71c532d93e1b.jpg,http://www.milesdavis.com/,0.751111,853,jazz,cool jazz,bebop,contemporary post-bop,jazz fusion,jazz christmas,,,,,,,0.821477,66,0.333083084,310199,,AR5DF1C1187FB4E94C,Miles Davis Quintet,ARQOBKF1187B9B32AB,Miles Davis Quartet,ARJIHGN11F50C4E142,Miles Davis Nonet
1950-1960,ARNAQSX1187B9ADBE4,Van Morrison,"la honda, ca",-122.2741,37.3191,1958,2050,c5c7f6dec12ae6f2b7cc92cc51ee341047f323d3.jpg,http://www.vanmorrison.com/,0.748535,881,folk rock,singer-songwriter,mellow gold,roots rock,folk-pop,country rock,soft rock,folk,traditional folk,blues-rock,classic rock,rock,0.770796,213,0.381922724,170249,,ARVHQNN1187B9B9FA3,Cat Stevens,ARUNKLR1187B9B5DFC,Steve Winwood,ARJNCO31187FB3B7FA,Jackson Browne
1960-1970,ARVNNXD1187B9AE50D,Marvin Gaye,"New York City, NY",-74.006,40.7143,1959,1984,9615b471ae7971293fa3bda6c825751d07628dc1.jpg,http://www.myspace.com/marvingaye70s,0.854942,135,soul,motown,soul christmas,quiet storm,funk,classic funk rock,funk rock,,,,,,0.810936,84,0.391378724,145619,,AR76ZQP1187FB56A79,The Temptations,ARHAS6X1187B9901C6,Smokey Robinson,ARXKTYG11F50C4DA68,The Temptations Review
1960-1970,ARDIBRT1187B9AF176,Led Zeppelin,"Gary, IN",-87.3464,41.5934,1968,1980,f0959931aeb8aa174ef264d0b1ab7dd99cd22c03.jpg,http://www.ledzeppelin.com,0.853206,141,rock,classic rock,blues-rock,album rock,hard rock,,,,,,,,0.878806,8,0.30666924,416625,,ARXPE8V1187B99AEC9,Deep Purple,AR12F2S1187FB56EEF,Aerosmith,ARHAO311187FB3E38E,Thin Lizzy
1960-1970,AR5FP401187FB523C9,Bob Dylan,"Washington, DC",-77.0364,38.8951,1959,2050,9fea3139e3d92557b6a065a201bd2a72c36ad20d.jpg,http://www.bobdylan.com,0.832029,223,folk,traditional folk,singer-songwriter,folk rock,roots rock,folk christmas,,,,,,,0.870288,12,0.310126003,397166,,ARGF9VF1187FB37DAE,The Band,ARNAQSX1187B9ADBE4,Van Morrison,AREI0AM1187FB54C33,Tim Hardin
1960-1970,AR6BJ1V1187B9AE3B7,Fleetwood Mac,"London, UK",-0.092703,51.514456,1967,1995,675ffe882cfe489111ef712d054692b616740459.jpg,http://fleetwoodmac.com,0.830363,231,mellow gold,soft rock,folk rock,british blues,singer-songwriter,classic rock,album rock,blues-rock,rock,roots rock,,,0.811302,83,0.379717396,175484,,AR1DP8P1187B9AF08C,Christine McVie,AROJTFQ1187B9AFE0A,Peter Frampton,ARUIHX41187B98BE59,The Doobie Brothers
1960-1970,ARYGO6R1187B9A7822,Rod Stewart,"Gary, IN",-87.3464,41.5934,1961,2050,f89bfd24595170826c7ea1d13ce4f228713fac0b.jpg,http://www.rodstewart.com/,0.824559,260,mellow gold,soft rock,singer-songwriter,folk rock,glam rock,classic rock,roots rock,folk christmas,blues-rock,album rock,rock,,0.758201,263,0.433820509,69419,,ARUAG4R1187FB53500,Joe Cocker,ARUNKLR1187B9B5DFC,Steve Winwood,ARYNX5Z1187B999686,Paul Carrack
1960-1970,AR6XZ861187FB4CECD,The Beatles,"Kingston, Canada ",-76.5052,44.2485,1960,1970,fce3a73bfc6028030554cd0af14e42b227e2e80b.jpg,http://thebeatles.com,0.824269,265,british invasion,merseybeat,,,,,,,,,,,0.904557,1,0.261060395,705141,,ARXRNDO1187FB42BE5,The Hollies,ARZ9FGC1187B98B47D,The Zombies,ARY1LTC1187B9B1DC4,The Monkees
1960-1970,ARULZ741187B9AD2EF,Elvis Presley,"San Lorenzo, San Lorenzo, PR",-57.510905,-25.336371,1953,1977,16045a251c9e9f5772d4aeb3f6fa23fe4fdeb54a.jpg,http://www.elvis.com/,0.820063,277,rock-and-roll,rockabilly,christmas,,,,,,,,,,0.834144,46,0.349224798,253020,,ARRXT411187B9A53EB,Jerry Lee Lewis,ARFSZXM1187FB5A941,Roy Orbison,ARQLMAT11F50C4ECFC,Rick Nelson
1960-1970,ARJA1841187FB3A029,David Bowie,"Duluth, MN, US",-92.1319,46.8008,1962,2050,c8dc28c191432862afce298216458a6f00bbfbd8.jpg,http://www.davidbowie.com,0.812742,315,glam rock,art rock,permanent wave,protopunk,rock,pop christmas,,,,,,,0.861629,20,0.313649443,380615,,ARDGES11187B9B7DDF,Roxy Music,ARIZODP1187B9AD272,Bryan Ferry,ARWWS2G1187B9ACFE4,Tin Machine
1960-1970,AR91C8S1187B990901,Bruce Springsteen,"London, England",-81.276247,42.98876,1965,2050,c27fe1b89d97db26b22d5b80f5df8592061090eb.jpg,http://www.brucespringsteen.net/,0.810662,323,singer-songwriter,roots rock,folk rock,folk,mellow gold,country rock,traditional folk,permanent wave,rock,pop christmas,,,0.829479,55,0.350518743,249370,,ARNP8CV1187B9A0EBB,Willie Nile,ARDC81X1187B989EB9,Patti Scialfa,AR41OIB1187B99A19D,Nils Lofgren
1960-1970,ARWT91C1187B9ACEAA,Neil Young,"London, UK",-0.092703,51.514456,1960,2050,245764d4b88a01a8171e0690a06ac791f0b86ef3.jpg,http://neilyoung.com,0.809786,326,roots rock,singer-songwriter,country rock,folk rock,permanent wave,mellow gold,rock,,,,,,0.849525,30,0.327015119,333887,,ARGF9VF1187FB37DAE,The Band,ARUQFUJ1187FB42AEC,Warren Zevon,ARNAQSX1187B9ADBE4,Van Morrison
1970-1980,ARBEOHF1187B9B044D,Madonna,"Washington, DC",-77.0364,38.8951,1979,2050,6fe4d999bcd666990dab0cc614eb3efbaa8c2294.jpg,http://www.madonna.com,0.857838,125,europop,dance pop,pop christmas,pop,new wave pop,,,,,,,,0.834043,47,0.365433268,211506,,AR8V1X71187B9B919B,Kylie Minogue,AR4VT3E1187FB570BB,Cher,ARVBRGZ1187FB4675A,Gwen Stefani
1970-1980,ARXPPEY1187FB51DF4,Michael Jackson,"Duluth, MN, US",-92.1319,46.8008,1971,2009,06e195eaaa853b397ccaa971edaa25554dba3c05.jpg,http://michaeljackson.com,0.855303,133,dance pop,pop christmas,pop,,,,,,,,,,0.863417,18,0.327769147,331225,,ARW3LUX1187FB5C4C0,The Jacksons,AR4AOW51187FB3F248,Jermaine Jackson,ARWXN7M1187B98C47D,Babyface
1970-1980,ARVNNXD1187B9AE50D,Marvin Gaye,"Memphis, TN",-90.049,35.1495,1959,1984,9615b471ae7971293fa3bda6c825751d07628dc1.jpg,http://www.myspace.com/marvingaye70s,0.854942,135,soul,motown,soul christmas,quiet storm,funk,classic funk rock,funk rock,,,,,,0.810936,84,0.391378724,145619,,AR76ZQP1187FB56A79,The Temptations,ARHAS6X1187B9901C6,Smokey Robinson,ARXKTYG11F50C4DA68,The Temptations Review
1970-1980,ARDIBRT1187B9AF176,Led Zeppelin,"Kingsland, AR",-92.294,33.8584,1968,1980,f0959931aeb8aa174ef264d0b1ab7dd99cd22c03.jpg,http://www.ledzeppelin.com,0.853206,141,rock,classic rock,blues-rock,album rock,hard rock,,,,,,,,0.878806,8,0.30666924,416625,,ARXPE8V1187B99AEC9,Deep Purple,AR12F2S1187FB56EEF,Aerosmith,ARHAO311187FB3E38E,Thin Lizzy
1970-1980,ART4QZC1187FB51612,Janet Jackson,"Mazatlan, Mexico",-106.4062,23.2329,1973,2050,5546c6243c4842c27ba2170288961c9b9bf4bc55.jpg,http://janetjackson.com,0.851397,146,urban contemporary,dance pop,r&b,pop,,,,,,,,,0.79367,134,0.409279849,105742,,ARKWI7M1187B9B7713,Destiny's Child,ARKSZW81187B9B695D,Mariah Carey,ARAEX7Y1187FB42D36,Toni Braxton
1970-1980,ARRJES71187FB4D09E,Bryan Adams,"Hoboken, NJ",-74.0324,40.744,1976,2050,4be3ce9447365df0b8653f941058ab3fd7177b25.jpg,http://www.bryanadams.com,0.843107,182,mellow gold,soft rock,album rock,rock,,,,,,,,,0.75095,300,0.451212882,48432,,ARMX9KX1187B9A58E8,Richard Marx,ARL1AFK1187FB3B05B,REO Speedwagon,ARSEULV1187B9B4D7C,Toto
1970-1980,AR8B79N1187B98FB4A,Chayanne,"Indore, India",75.8333,22.7179,1978,2050,92c7b42d28b9ee8e85eed8d3786db27fa16904c5.jpg,http://www.chayanne.com,0.840243,195,latin,latin pop,hurban,spanish pop,tropical,,,,,,,,0.592463,3360,0.607924291,1290,,ARLMUHP1269FCD37E1,Shayane,ARTXQGD11EDCAC6814,Cristian Castro,ARXCS291187FB360A5,Ricardo Montaner
1970-1980,AR5FP401187FB523C9,Bob Dylan,"astoria, new york",-73.9301,40.772,1959,2050,9fea3139e3d92557b6a065a201bd2a72c36ad20d.jpg,http://www.bobdylan.com,0.832029,223,folk,traditional folk,singer-songwriter,folk rock,roots rock,folk christmas,,,,,,,0.870288,12,0.310126003,397166,,ARGF9VF1187FB37DAE,The Band,ARNAQSX1187B9ADBE4,Van Morrison,AREI0AM1187FB54C33,Tim Hardin
1970-1980,AR6BJ1V1187B9AE3B7,Fleetwood Mac,"Alton, IL",-90.1843,38.8906,1967,1995,675ffe882cfe489111ef712d054692b616740459.jpg,http://fleetwoodmac.com,0.830363,231,mellow gold,soft rock,folk rock,british blues,singer-songwriter,classic rock,album rock,blues-rock,rock,roots rock,,,0.811302,83,0.379717396,175484,,AR1DP8P1187B9AF08C,Christine McVie,AROJTFQ1187B9AFE0A,Peter Frampton,ARUIHX41187B98BE59,The Doobie Brothers
1970-1980,ARL4TII1187B9B46E1,Queen,"Belfast, Northern Ireland, GB",-77.028893,38.897608,1970,1997,106f04597938cf8892c969fe187c2ddddc665094.jpg,http://www.queenonline.com,0.827047,243,rock,album rock,glam rock,heavy christmas,hard rock,,,,,,,,0.859373,21,0.321966992,347752,,ARRXL4I1187B9AC23B,Freddie Mercury,ARNLO2P1187B9A3ECD,Brian May,AR12F2S1187FB56EEF,Aerosmith
1980-1990,ARH2QI91187FB3788D,David Guetta,Dumfries,-3.9171,54.979,1984,2050,224f5a395a8e2b4eee9feb41b9f6e7ac2d6b7c1a.jpg,http://www.davidguetta.com,0.967107,9,house,edm,electro house,disco house,pop house,dance pop,,,,,,,0.814585,77,0.437958009,64195,,ARGLOU61187FB55A07,Bob Sinclar,ARIKUPL128ABE0F30B,Swedish House Mafia,ARCBXFD12E597EE64A,Guetta
1980-1990,AR2FSX31187B98E3EF,Ricky Martin,"Paris, France ",2.324382,48.864702,1984,2050,6a4178f5eaee176ec8cd244338c1fce02d9e6bdf.jpg,http://rickymartinmusic.com,0.883014,77,latin,latin pop,hurban,latin christmas,dance pop,pop christmas,,,,,,,0.709246,632,0.517564361,7015,,ARDCFNZ1187FB3DDB0,Enrique Iglesias,ARQFQKL1187FB3DD5D,Luis Fonsi,AR6VHEC1187FB5AC0D,Thalia
1980-1990,ARZER7I1187FB385AF,Dr. Dre,"Adelaide, Australia",138.5932,-34.9224,1984,2050,b2927ccac5cdef7147abbd3c8cc1439020c7698f.jpg,http://drdre.com,0.864459,112,hip hop,gangster rap,rap,g funk,pop rap,west coast rap,,,,,,,0.855347,25,0.341705285,277697,,ARZ5H0P1187B98A1DD,Snoop Dogg,ARPXABO1187FB4D15F,2Pac,AR49IQD1187FB37EA7,Xzibit
1980-1990,ARBEOHF1187B9B044D,Madonna,"Los Angeles, CA",-118.2437,34.0522,1979,2050,6fe4d999bcd666990dab0cc614eb3efbaa8c2294.jpg,http://www.madonna.com,0.857838,125,europop,dance pop,pop christmas,pop,new wave pop,,,,,,,,0.834043,47,0.365433268,211506,,AR8V1X71187B9B919B,Kylie Minogue,AR4VT3E1187FB570BB,Cher,ARVBRGZ1187FB4675A,Gwen Stefani
1980-1990,ARXPPEY1187FB51DF4,Michael Jackson,Puerto Rico,-66.381712,18.202379,1971,2009,06e195eaaa853b397ccaa971edaa25554dba3c05.jpg,http://michaeljackson.com,0.855303,133,dance pop,pop christmas,pop,,,,,,,,,,0.863417,18,0.327769147,331225,,ARW3LUX1187FB5C4C0,The Jacksons,AR4AOW51187FB3F248,Jermaine Jackson,ARWXN7M1187B98C47D,Babyface
1980-1990,ARVNNXD1187B9AE50D,Marvin Gaye,"London, England",-81.276247,42.98876,1959,1984,9615b471ae7971293fa3bda6c825751d07628dc1.jpg,http://www.myspace.com/marvingaye70s,0.854942,135,soul,motown,soul christmas,quiet storm,funk,classic funk rock,funk rock,,,,,,0.810936,84,0.391378724,145619,,AR76ZQP1187FB56A79,The Temptations,ARHAS6X1187B9901C6,Smokey Robinson,ARXKTYG11F50C4DA68,The Temptations Review
1980-1990,ARDIBRT1187B9AF176,Led Zeppelin,"Virginia Beach, Virginia",-76.0623,36.7549,1968,1980,f0959931aeb8aa174ef264d0b1ab7dd99cd22c03.jpg,http://www.ledzeppelin.com,0.853206,141,rock,classic rock,blues-rock,album rock,hard rock,,,,,,,,0.878806,8,0.30666924,416625,,ARXPE8V1187B99AEC9,Deep Purple,AR12F2S1187FB56EEF,Aerosmith,ARHAO311187FB3E38E,Thin Lizzy
1980-1990,ARX2F7M1187B9A5563,Mana,"Abington, PA",-75.1179,40.1207,1986,2050,8926f1d7cbaa1f690ff3aea3b7324a06a0fa530a.jpg,http://www.mana.com.mx/,0.851684,145,latin,hurban,latin pop,rock en espanol,latin alternative,,,,,,,,0.652208,1474,0.556790165,2663,,ARTFT6P1187FB4ACBE,Los Enanitos Verdes,ARPAAPH1187FB3601B,Bacilos,ARTSJEG1187B98D6FC,Elefante
1980-1990,ART4QZC1187FB51612,Janet Jackson,"Oslo, Norway ",10.783373,59.961783,1973,2050,5546c6243c4842c27ba2170288961c9b9bf4bc55.jpg,http://janetjackson.com,0.851397,146,urban contemporary,dance pop,r&b,pop,,,,,,,,,0.79367,134,0.409279849,105742,,ARKWI7M1187B9B7713,Destiny's Child,ARKSZW81187B9B695D,Mariah Carey,ARAEX7Y1187FB42D36,Toni Braxton
1980-1990,ARQATCR1187FB4D3E6,Alejandro Sanz,"Breda, Netherlands",4.7667,51.5833,1989,2050,72ac2ad66d1a6b8a740593527c5da8077cbf3818.jpg,http://www.alejandrosanz.com/,0.849165,158,latin,latin pop,spanish pop,latin christmas,hurban,cantautor,,,,,,,0.658238,1351,0.549133878,3087,,ARZJYD61187B995F0B,David Bisbal,ARQFQKL1187FB3DD5D,Luis Fonsi,ARKKWTD12086C16221,La Quinta Estación
1990-2000,ARJRB241187FB556A3,Calvin Harris,"Paris, France ",2.324382,48.864702,1999,2050,49f4bb19a17ceb5906694a4c94df7ec79a763204.jpg,http://www.calvinharris.co.uk,0.990173,1,electro house,house,alternative dance,edm,new rave,synthpop,indietronica,pop,progressive house,,,,0.763735,239,0.514065179,7817,,ARX2DLI1187FB4DD03,The Presets,ARJK7JU1187FB4C3F3,Simian Mobile Disco,ARVZ8481187B98CB6E,Digitalism
1990-2000,ARH2QI91187FB3788D,David Guetta,"San Juan, San Juan, PR",-123.073,48.5412,1984,2050,224f5a395a8e2b4eee9feb41b9f6e7ac2d6b7c1a.jpg,http://www.davidguetta.com,0.967107,9,house,edm,electro house,disco house,pop house,dance pop,,,,,,,0.814585,77,0.437958009,64195,,ARGLOU61187FB55A07,Bob Sinclar,ARIKUPL128ABE0F30B,Swedish House Mafia,ARCBXFD12E597EE64A,Guetta
1990-2000,AR6ENUY1187B994158,Sia,"Los Angeles, CA, US",-118.2437,34.0522,1993,2050,790817bd35948bd3d178a44a03928b0748efd5e6.jpg,http://siamusic.net/,0.95186,18,australian dance,pop,synthpop,dance pop,,,,,,,,,0.763197,240,0.494819905,13317,,ARWD2X51187B9AE7B1,Frou Frou,ARX395D1187FB41D91,Emiliana Torrini,AR7W7171187B9A8842,Imogen Heap
1990-2000,ARF5M7Q1187FB501E8,Maroon 5,"New York City, NY",-74.006,40.7143,1994,2050,8f0dff5ee60b84b06f8395b1847ebe723cc8cc97.jpg,http://www.maroon5.com,0.944755,20,pop rock,pop,pop christmas,neo mellow,boy band,dance pop,,,,,,,0.809096,91,0.434831331,68137,,AR73S4G1187B9A03C2,OneRepublic,ARJ82DE1187B992653,Kara's Flowers,ARKMQ0K11C8A4224DF,The Script
1990-2000,ARSTQ2A1187B99CF14,Nicky Jam,"Gary, IN",-87.3464,41.5934,1994,2050,1fa41e6175f6fd3baab60c3341fe06b662f7e199.jpg,http://nickyjampr.net,0.939917,21,reggaeton,latin hip hop,hurban,tropical,,,,,,,,,0.607155,2756,0.663937547,480,,ARLDG3Y1187B98C648,Voltio,ARJFKLS1187B9B67D6,Yomo,ARIE2XG1187B99CF16,Trebol Clan
1990-2000,ARJ7KF01187B98D717,Coldplay,"Washington, DC",-77.0364,38.8951,1996,2050,a86ea149077b22239f41e8b17f7261c475b084ee.jpg,http://coldplay.com,0.911545,43,permanent wave,neo mellow,rock,pop christmas,,,,,,,,,0.859092,22,0.355244491,237798,,ARHHUDL1187B997966,Keane,ARVN9FZ1187FB393F1,Snow Patrol,AR44YO41187B9B3B18,Thirteen Senses
1990-2000,ARLIWDY1456895A560,Pharrell Williams,"London, UK",-0.092703,51.514456,1992,2050,7262271b9299f970843d3f3437ec1bd6544d9a2e.jpg,http://pharrellwilliams.com,0.908311,50,pop rap,indie r&b,hip hop,alternative hip hop,dance pop,pop,,,,,,,0.773245,198,0.4606125,38692,,ARZYLPA1187B98ABE8,The Neptunes,ARHAEXZ1187FB54F3C,N.E.R.D.,ARLK6VL1187B9B8850,Timbaland
1990-2000,ARZRYXF1187FB555CC,P!nk,"Guadalajara, Mexico",-103.3333,20.6667,1995,2050,6527145f24eccd8d278beb80a12c58b08f90a7d2.jpg,http://www.pinkspage.com,0.905155,53,pop,dance pop,teen pop,europop,pop rock,,,,,,,,0.737707,391,0.499239184,11917,,AR0IVTL1187B9AD520,Katy Perry,AR03BDP1187FB5B324,Britney Spears,ARVBRGZ1187FB4675A,Gwen Stefani
1990-2000,ARNOG4Q1187B9A5A62,Madcon,"Gary, IN",-87.3464,41.5934,1992,2050,3a5dbef86eac139e72a4f29aaf8761c5447b29a4.jpg,http://www.madcon.de,0.900861,56,norwegian hip hop,dance pop,pop rap,,,,,,,,,,0.562338,4995,0.683498971,307,,AR1WYY01187B98978E,Karpe Diem,ARLK6VL1187B9B8850,Timbaland,AR1IJ1Z11C8A41500D,Flo Rida
1990-2000,ARIW30O1187FB5A29A,Tiesto,"Madrid, Spain",-3.771284,40.524103,1994,2050,8519bc4c55f87c65ab7329fac9a7c08ea47190db.jpg,http://www.tiesto.com/,0.897662,60,progressive house,progressive electro house,edm,deep uplifting trance,big room,electro house,trance,house,uplifting trance,deep progressive trance,progressive trance,,0.817424,73,0.403046586,118457,,ARWYPNT1187B98E873,Kaskade,ARIKUPL128ABE0F30B,Swedish House Mafia,ARX6MR511C8A42C159,Afrojack
2000-2010,ARJRB241187FB556A3,Calvin Harris,Dumfries,-3.9171,54.979,1999,2050,49f4bb19a17ceb5906694a4c94df7ec79a763204.jpg,http://www.calvinharris.co.uk,0.990173,1,electro house,house,alternative dance,edm,new rave,synthpop,indietronica,pop,progressive house,,,,0.763735,239,0.514065179,7817,,ARX2DLI1187FB4DD03,The Presets,ARJK7JU1187FB4C3F3,Simian Mobile Disco,ARVZ8481187B98CB6E,Digitalism
2000-2010,ARS54I31187FB46721,Taylor Swift,"Reading, PA",-75.9269,40.3356,2004,2050,04bdcfa06410b3e3fffe93e2a000d0d79521e5ac.jpg,http://taylorswift.com,0.986835,3,teen pop,pop christmas,pop,,,,,,,,,,0.86674,15,0.373196197,190879,,ARLE2071187FB3A270,Carrie Underwood,AREEQPY1187FB5B9E3,Miranda Lambert,AR23BO81187FB47087,Kellie Pickler
2000-2010,ARWLAEE122BCFCA245,Avicii,"Stockholm, Stockholm, SE",0.593052,49.4920029,2007,2050,3e77006dc092166fee8b9004e4e1e1fabc045d93.jpg,http://avicii.com,0.98652,4,edm,electro house,big room,house,progressive electro house,progressive house,,,,,,,0.747798,317,0.531827059,4650,,ARIKUPL128ABE0F30B,Swedish House Mafia,ARX6MR511C8A42C159,Afrojack,ARHPSAH1269FB271A1,Tim Berg
2000-2010,ARKTTJV12592CDA07F,Ellie Goulding,Lyonshall,-2.9828,52.1991,2008,2050,b72e148adf8cec8bf91784bee05d836858546367.jpg,http://elliegoulding.com,0.986155,5,pop,synthpop,metropopolis,indietronica,dance pop,,,,,,,,0.744957,331,0.535100444,4255,,ARUBJMV12086C16C1E,Marina and The Diamonds,ARD6VHG11C8A414FC6,La Roux,ARNCHOP121318C56B8,Florence + The Machine
2000-2010,ARSDWSZ122ECCB706A,Ed Sheeran,"Suffolk, England",-91.969,34.5443,2005,2050,0bc5997672464195cf333394782933dd64010512.jpg,http://www.edsheeran.com,0.98554,6,pop,neo mellow,folk-pop,,,,,,,,,,0.740395,370,0.540316363,3757,,ARQMSBI1269FCD28DA,Maverick Sabre,AR57TK21187FB48BC7,Professor Green,ARIIT891187B9AFD62,Newton Faulkner
2000-2010,ARFCWSZ123526A0AFD,Justin Bieber,"Stratford, Canada",-80.9497,43.3668,2008,2050,ce41eb4beaad8d07fd55a68aba16b27e341a2e4f.jpg,http://www.justinbiebermusic.com/,0.972454,8,teen pop,pop,dance pop,pop christmas,,,,,,,,,0.831802,52,0.417318578,91368,,ARQTAQW129CDBEF9A4,Cody Simpson,ARICFET123E29C2452,Jason Derülo,ARUCF6P11A348F0B17,Demi Lovato
2000-2010,ARH2QI91187FB3788D,David Guetta,"Paris, France ",2.324382,48.864702,1984,2050,224f5a395a8e2b4eee9feb41b9f6e7ac2d6b7c1a.jpg,http://www.davidguetta.com,0.967107,9,house,edm,electro house,disco house,pop house,dance pop,,,,,,,0.814585,77,0.437958009,64195,,ARGLOU61187FB55A07,Bob Sinclar,ARIKUPL128ABE0F30B,Swedish House Mafia,ARCBXFD12E597EE64A,Guetta
2000-2010,ARODZUF11F4C841E1F,Drake,"Toronto, Canada",-79.3574,43.7023,2001,2050,d1d6016c698703ba4933461ff5acbfe112877b48.jpg,http://drakeofficial.com,0.965389,11,pop rap,indie r&b,alternative hip hop,hip hop,,,,,,,,,0.866699,16,0.365146233,212371,,ARFIDHF12496DAB7E1,J. Cole,ARGG7S81187FB511E9,Big Sean,ARXYXJ311A348EFC1A,Wale
2000-2010,AR7J9AP1187FB5BD64,Adele,"London, UK",-0.092703,51.514456,2006,2050,cbbdfb209cc38b2999b1882f42ee642555316313.jpg,http://adele.tv,0.964772,12,pop,dance pop,,,,,,,,,,,0.82026,67,0.42944159,75069,,AR9P7FS1187B9A641F,Joss Stone,ARIL5841187FB5C061,Duffy,ARWD25M1187FB4C563,Amy Winehouse
2000-2010,ARLGOUD12298900ACE,Major Lazer,"Kingston, Jamaica",-76.768107,17.979931,2008,2050,59d9dc51f2c0dd46fd352447eaad34ad6bfdf595.jpg,http://majorlazer.com,0.95809,14,moombahton,edm,electro house,,,,,,,,,,0.68328,944,0.591266944,1605,,ARQDK391187FB3CA23,Diplo,ARKSPIY1187FB4B1D3,Buraka Som Sistema,ARRRRYQ12086C11272,Santigold
2010-2020,ARJRB241187FB556A3,Calvin Harris,Dumfries,-3.9171,54.979,1999,2050,49f4bb19a17ceb5906694a4c94df7ec79a763204.jpg,http://www.calvinharris.co.uk,0.990173,1,electro house,house,alternative dance,edm,new rave,synthpop,indietronica,pop,progressive house,,,,0.763735,239,0.514065179,7817,,ARX2DLI1187FB4DD03,The Presets,ARJK7JU1187FB4C3F3,Simian Mobile Disco,ARVZ8481187B98CB6E,Digitalism
2010-2020,ARZHFAY130708EE366,One Direction,"London, England, GB",-81.233,42.9834,2010,2050,6c89c662ad0ab75bc2af9a3ae2b16f811daced50.jpg,http://www.onedirectionmusic.com,0.987003,2,teen pop,talent show,boy band,pop,dance pop,,,,,,,,0.724193,495,0.560681428,2477,,ARKTYQS130DC7809DF,Cher Lloyd,AR34CBO1187FB41B88,The Wanted,ARAXXCE12548803EF6,Big Time Rush
2010-2020,ARS54I31187FB46721,Taylor Swift,"Reading, PA",-75.9269,40.3356,2004,2050,04bdcfa06410b3e3fffe93e2a000d0d79521e5ac.jpg,http://taylorswift.com,0.986835,3,teen pop,pop christmas,pop,,,,,,,,,,0.86674,15,0.373196197,190879,,ARLE2071187FB3A270,Carrie Underwood,AREEQPY1187FB5B9E3,Miranda Lambert,AR23BO81187FB47087,Kellie Pickler
2010-2020,ARWLAEE122BCFCA245,Avicii,"Stockholm, Stockholm, SE",0.593052,49.4920029,2007,2050,3e77006dc092166fee8b9004e4e1e1fabc045d93.jpg,http://avicii.com,0.98652,4,edm,electro house,big room,house,progressive electro house,progressive house,,,,,,,0.747798,317,0.531827059,4650,,ARIKUPL128ABE0F30B,Swedish House Mafia,ARX6MR511C8A42C159,Afrojack,ARHPSAH1269FB271A1,Tim Berg
2010-2020,ARKTTJV12592CDA07F,Ellie Goulding,Lyonshall,-2.9828,52.1991,2008,2050,b72e148adf8cec8bf91784bee05d836858546367.jpg,http://elliegoulding.com,0.986155,5,pop,synthpop,metropopolis,indietronica,dance pop,,,,,,,,0.744957,331,0.535100444,4255,,ARUBJMV12086C16C1E,Marina and The Diamonds,ARD6VHG11C8A414FC6,La Roux,ARNCHOP121318C56B8,Florence + The Machine
2010-2020,ARSDWSZ122ECCB706A,Ed Sheeran,"Suffolk, England",-91.969,34.5443,2005,2050,0bc5997672464195cf333394782933dd64010512.jpg,http://www.edsheeran.com,0.98554,6,pop,neo mellow,folk-pop,,,,,,,,,,0.740395,370,0.540316363,3757,,ARQMSBI1269FCD28DA,Maverick Sabre,AR57TK21187FB48BC7,Professor Green,ARIIT891187B9AFD62,Newton Faulkner
2010-2020,ARYUDWF12F2B89BB33,The Weeknd,"Toronto, Ontario, CA",-79.3574,43.7023,2010,2050,b7a684b6a7300014fe17b93e334b5bea2be9c2a2.jpg,http://theweeknd.com,0.981798,7,indie r&b,alternative hip hop,canadian pop,,,,,,,,,,0.682531,959,0.606769697,1316,,ARSBBFH12E9B917E81,Frank Ocean,ARSA4701187FB571FF,The-Dream,ARODZUF11F4C841E1F,Drake
2010-2020,ARFCWSZ123526A0AFD,Justin Bieber,"Stratford, Canada",-80.9497,43.3668,2008,2050,ce41eb4beaad8d07fd55a68aba16b27e341a2e4f.jpg,http://www.justinbiebermusic.com/,0.972454,8,teen pop,pop,dance pop,pop christmas,,,,,,,,,0.831802,52,0.417318578,91368,,ARQTAQW129CDBEF9A4,Cody Simpson,ARICFET123E29C2452,Jason Derülo,ARUCF6P11A348F0B17,Demi Lovato
2010-2020,ARH2QI91187FB3788D,David Guetta,"Paris, France ",2.324382,48.864702,1984,2050,224f5a395a8e2b4eee9feb41b9f6e7ac2d6b7c1a.jpg,http://www.davidguetta.com,0.967107,9,house,edm,electro house,disco house,pop house,dance pop,,,,,,,0.814585,77,0.437958009,64195,,ARGLOU61187FB55A07,Bob Sinclar,ARIKUPL128ABE0F30B,Swedish House Mafia,ARCBXFD12E597EE64A,Guetta
2010-2020,ARTZYQN13EEEF973E7,Kygo,"Bergen, Norway",5.328,60.392,2011,2050,e83cf41641d9ffec6ad0798aa21b6d9592c862dc.jpg,http://www.kygomusic.com/,0.965525,10,deep melodic house,minimal dub,,,,,,,,,,,0.591685,3386,0.699443317,187,,ARCJPWR136658E907C,Gorgon City,ARDAMPQ14681604720,Lost Frequencies,ARWYPNT1187B98E873,Kaskade
